INSERT INTO Securities VALUES ('000016.SZ', 'KONKA GROUP', '1992-03-27', 'SZSE', 'CN');
INSERT INTO Securities VALUES ('000333.SZ', 'MIDEA GROUP', '2013-09-18', 'SZSE', 'CN');
INSERT INTO Securities VALUES ('000404.SZ', 'HYCC', '1996-06-19', 'SZSE', 'CN');
INSERT INTO Securities VALUES ('000521.SZ', 'HFML', '1993-10-18', 'SZSE', 'CN');
INSERT INTO Securities VALUES ('000541.SZ', 'FSL', '1993-11-23', 'SZSE', 'CN');
INSERT INTO Securities VALUES ('000651.SZ', 'GREE', '1996-11-18', 'SZSE', 'CN');
INSERT INTO Securities VALUES ('000801.SZ', 'SICHUAN JIUZHOU', '1998-05-06', 'SZSE', 'CN');
INSERT INTO Securities VALUES ('000810.SZ', 'SKYWORTHDT', '1998-06-02', 'SZSE', 'CN');
INSERT INTO Securities VALUES ('000921.SZ', 'HISENSE H.A.', '1999-07-13', 'SZSE', 'CN');
INSERT INTO Securities VALUES ('001259.SZ', 'LIVEN', '2022-08-31', 'SZSE', 'CN');
INSERT INTO Securities VALUES ('001268.SZ', 'Y.S.U', '2022-06-30', 'SZSE', 'CN');
INSERT INTO Securities VALUES ('001326.SZ', 'SNC', '2023-11-09', 'SZSE', 'CN');
INSERT INTO Securities VALUES ('001387.SZ', 'SNOWKY', '2024-01-11', 'SZSE', 'CN');
INSERT INTO Securities VALUES ('002005.SZ', 'ETI(ST)', '2004-06-25', 'SZSE', 'CN');
INSERT INTO Securities VALUES ('002011.SZ', 'DUN\'AN ENVIRONMENTAL', '2004-07-05', 'SZSE', 'CN');
INSERT INTO Securities VALUES ('002032.SZ', 'SUPOR', '2004-08-17', 'SZSE', 'CN');
INSERT INTO Securities VALUES ('002035.SZ', 'VATTI', '2004-09-01', 'SZSE', 'CN');
INSERT INTO Securities VALUES ('002050.SZ', 'SANHUA', '2005-06-07', 'SZSE', 'CN');
INSERT INTO Securities VALUES ('002052.SZ', 'COSHIP(*ST)', '2006-06-27', 'SZSE', 'CN');
INSERT INTO Securities VALUES ('002076.SZ', 'CNLIGHT', '2006-10-25', 'SZSE', 'CN');
INSERT INTO Securities VALUES ('002242.SZ', 'JOYOUNG', '2008-05-28', 'SZSE', 'CN');
INSERT INTO Securities VALUES ('002290.SZ', 'HSSM', '2009-09-03', 'SZSE', 'CN');
INSERT INTO Securities VALUES ('002402.SZ', 'H&T INTELLIGENT', '2010-05-11', 'SZSE', 'CN');
INSERT INTO Securities VALUES ('002403.SZ', 'ASD', '2010-05-11', 'SZSE', 'CN');
INSERT INTO Securities VALUES ('002418.SZ', 'KASUN', '2010-06-01', 'SZSE', 'CN');
INSERT INTO Securities VALUES ('002420.SZ', 'ECHOM', '2010-06-01', 'SZSE', 'CN');
INSERT INTO Securities VALUES ('002429.SZ', 'MTC', '2010-06-10', 'SZSE', 'CN');
INSERT INTO Securities VALUES ('002508.SZ', 'ROBAM APPLIANCES', '2010-11-23', 'SZSE', 'CN');
INSERT INTO Securities VALUES ('002543.SZ', 'VANWARD ELECTRIC', '2011-01-28', 'SZSE', 'CN');
INSERT INTO Securities VALUES ('002614.SZ', 'EASEPAL', '2011-09-09', 'SZSE', 'CN');
INSERT INTO Securities VALUES ('002638.SZ', 'KINGSUN SHARE', '2011-11-25', 'SZSE', 'CN');
INSERT INTO Securities VALUES ('002668.SZ', 'HOMA', '2012-04-16', 'SZSE', 'CN');
INSERT INTO Securities VALUES ('002676.SZ', 'SUNWILL', '2012-05-25', 'SZSE', 'CN');
INSERT INTO Securities VALUES ('002677.SZ', 'ZHEJIANG MEIDA', '2012-05-25', 'SZSE', 'CN');
INSERT INTO Securities VALUES ('002705.SZ', 'XBGF', '2014-01-21', 'SZSE', 'CN');
INSERT INTO Securities VALUES ('002723.SZ', 'KENNEDE', '2014-01-29', 'SZSE', 'CN');
INSERT INTO Securities VALUES ('002724.SZ', 'OCEAN\'S KING', '2014-11-04', 'SZSE', 'CN');
INSERT INTO Securities VALUES ('002848.SZ', 'GOSPELL', '2017-02-13', 'SZSE', 'CN');
INSERT INTO Securities VALUES ('002860.SZ', 'STAR SHUAIER', '2017-04-12', 'SZSE', 'CN');
INSERT INTO Securities VALUES ('002959.SZ', 'BEAR', '2019-08-23', 'SZSE', 'CN');
INSERT INTO Securities VALUES ('003023.SZ', 'CHENGDU RAINBOW APPLIANCE(GROUP)SHARERS', '2020-12-11', 'SZSE', 'CN');
INSERT INTO Securities VALUES ('003028.SZ', 'GENBYTE TECHNOLOGY', '2020-12-28', 'SZSE', 'CN');
INSERT INTO Securities VALUES ('200016.SZ', 'KONKA GROUP-B', '1992-03-27', 'SZSE', 'CN');
INSERT INTO Securities VALUES ('200521.SZ', 'HFML-B', '1996-08-28', 'SZSE', 'CN');
INSERT INTO Securities VALUES ('200541.SZ', 'FSL-B', '1995-08-08', 'SZSE', 'CN');
INSERT INTO Securities VALUES ('300160.SZ', 'XIUQIANG GLASS', '2011-01-13', 'SZSE', 'CN');
INSERT INTO Securities VALUES ('300217.SZ', 'DFDR', '2011-05-18', 'SZSE', 'CN');
INSERT INTO Securities VALUES ('300247.SZ', 'LUCKY', '2011-07-29', 'SZSE', 'CN');
INSERT INTO Securities VALUES ('300272.SZ', 'CANATURE', '2011-11-02', 'SZSE', 'CN');
INSERT INTO Securities VALUES ('300279.SZ', 'HODGEN', '2011-12-29', 'SZSE', 'CN');
INSERT INTO Securities VALUES ('300342.SZ', 'TIANYIN', '2012-07-26', 'SZSE', 'CN');
INSERT INTO Securities VALUES ('300403.SZ', 'IDEAR HANYU', '2014-10-30', 'SZSE', 'CN');
INSERT INTO Securities VALUES ('300543.SZ', 'SLIE', '2016-09-08', 'SZSE', 'CN');
INSERT INTO Securities VALUES ('300625.SZ', 'GUANGDONG PAK CORPORATION', '2017-03-17', 'SZSE', 'CN');
INSERT INTO Securities VALUES ('300824.SZ', 'BUYDEEM', '2020-06-19', 'SZSE', 'CN');
INSERT INTO Securities VALUES ('300894.SZ', 'MARSSENGER KITCHENWARE', '2020-12-31', 'SZSE', 'CN');
INSERT INTO Securities VALUES ('300911.SZ', 'ENTIVE', '2020-12-03', 'SZSE', 'CN');
INSERT INTO Securities VALUES ('301008.SZ', 'HC', '2021-06-11', 'SZSE', 'CN');
INSERT INTO Securities VALUES ('301135.SZ', 'REAL-DESIGN INTELLIGENCE', '2022-04-12', 'SZSE', 'CN');
INSERT INTO Securities VALUES ('301187.SZ', 'SUZHOU ALTON ELECTRICAL & MECHANICAL INDUSTRY', '2022-04-22', 'SZSE', 'CN');
INSERT INTO Securities VALUES ('301252.SZ', 'TONGXING', '2023-05-25', 'SZSE', 'CN');
INSERT INTO Securities VALUES ('301280.SZ', 'ZUCH', '2022-12-26', 'SZSE', 'CN');
INSERT INTO Securities VALUES ('301332.SZ', 'DEERMA', '2023-05-18', 'SZSE', 'CN');
INSERT INTO Securities VALUES ('301362.SZ', 'UP-SHINE LIGHTING', '2023-08-04', 'SZSE', 'CN');
INSERT INTO Securities VALUES ('301578.SZ', 'SENEASY INTELLEGENT', '2023-12-28', 'SZSE', 'CN');
INSERT INTO Securities VALUES ('430718.BJ', 'GAOCO', '2022-12-22', 'BSE', 'CN');
INSERT INTO Securities VALUES ('600060.SH', 'HXDQ', '1997-04-22', 'SSE', 'CN');
INSERT INTO Securities VALUES ('600261.SH', 'ZHEJIANG YANKON', '2000-07-20', 'SSE', 'CN');
INSERT INTO Securities VALUES ('600336.SH', 'AUCMA', '2000-12-29', 'SSE', 'CN');
INSERT INTO Securities VALUES ('600619.SH', 'HIGHLY GROUP', '1992-11-16', 'SSE', 'CN');
INSERT INTO Securities VALUES ('600690.SH', 'HAIER', '1993-11-19', 'SSE', 'CN');
INSERT INTO Securities VALUES ('600839.SH', 'CHANGHONG', '1994-03-11', 'SSE', 'CN');
INSERT INTO Securities VALUES ('600983.SH', 'WHIRLPOOL', '2004-07-27', 'SSE', 'CN');
INSERT INTO Securities VALUES ('601956.SH', 'DONPER', '2020-12-25', 'SSE', 'CN');
INSERT INTO Securities VALUES ('603075.SH', 'KAWAI HEATWELL', '2023-09-11', 'SSE', 'CN');
INSERT INTO Securities VALUES ('603112.SH', 'HXJT', '2020-09-17', 'SSE', 'CN');
INSERT INTO Securities VALUES ('603215.SH', 'BIYI', '2022-02-18', 'SSE', 'CN');
INSERT INTO Securities VALUES ('603219.SH', 'FURJA', '2021-11-22', 'SSE', 'CN');
INSERT INTO Securities VALUES ('603303.SH', 'TOSPO', '2017-03-30', 'SSE', 'CN');
INSERT INTO Securities VALUES ('603311.SH', 'GOLDENSEA', '2015-05-18', 'SSE', 'CN');
INSERT INTO Securities VALUES ('603355.SH', 'KINGCLEAN', '2015-05-13', 'SSE', 'CN');
INSERT INTO Securities VALUES ('603366.SH', 'SUNRAIN', '2012-05-21', 'SSE', 'CN');
INSERT INTO Securities VALUES ('603486.SH', 'ECOVACS', '2018-05-28', 'SSE', 'CN');
INSERT INTO Securities VALUES ('603515.SH', 'OPPLE', '2016-08-19', 'SSE', 'CN');
INSERT INTO Securities VALUES ('603519.SH', 'LIBA', '2015-03-19', 'SSE', 'CN');
INSERT INTO Securities VALUES ('603551.SH', 'AUPU', '2020-01-15', 'SSE', 'CN');
INSERT INTO Securities VALUES ('603578.SH', 'THREE STARS NEW MATERIALS', '2017-03-06', 'SSE', 'CN');
INSERT INTO Securities VALUES ('603579.SH', 'RONGTAI HEALTH', '2017-01-11', 'SSE', 'CN');
INSERT INTO Securities VALUES ('603657.SH', 'JCT', '2018-07-30', 'SSE', 'CN');
INSERT INTO Securities VALUES ('603677.SH', 'QIJING MACHINE', '2017-02-06', 'SSE', 'CN');
INSERT INTO Securities VALUES ('603726.SH', 'LANGDI GROUP', '2016-04-21', 'SSE', 'CN');
INSERT INTO Securities VALUES ('603868.SH', 'FLYCO', '2016-04-18', 'SSE', 'CN');
INSERT INTO Securities VALUES ('605336.SH', 'SANFER', '2020-10-19', 'SSE', 'CN');
INSERT INTO Securities VALUES ('605365.SH', 'LEEDARSON', '2021-07-20', 'SSE', 'CN');
INSERT INTO Securities VALUES ('605555.SH', 'YDC', '2021-10-21', 'SSE', 'CN');
INSERT INTO Securities VALUES ('688169.SH', 'ROBOROCK', '2020-02-21', 'SSE', 'CN');
INSERT INTO Securities VALUES ('688609.SH', 'UNIONMAN', '2021-03-23', 'SSE', 'CN');
INSERT INTO Securities VALUES ('688696.SH', 'GIMI', '2021-03-03', 'SSE', 'CN');
INSERT INTO Securities VALUES ('688793.SH', 'BREO', '2021-07-15', 'SSE', 'CN');
INSERT INTO Securities VALUES ('831641.BJ', 'GLORIA', '2022-12-02', 'BSE', 'CN');
INSERT INTO Securities VALUES ('831768.BJ', 'SPEEDBIRD', '2021-06-28', 'BSE', 'CN');
INSERT INTO Securities VALUES ('836699.BJ', 'HAIDAER', '2023-05-09', 'BSE', 'CN');
INSERT INTO Securities VALUES ('870199.BJ', 'BEOKA', '2022-12-01', 'BSE', 'CN');
INSERT INTO Securities VALUES ('870726.BJ', 'HALLSMART', '2023-08-08', 'BSE', 'CN');
INSERT INTO Securities VALUES ('873339.BJ', 'EVER-TIE', '2022-11-17', 'BSE', 'CN');
INSERT INTO Securities VALUES ('900910.SH', 'HIGHLY GROUP-B', '1993-01-18', 'SSE', 'CN');
INSERT INTO Companies VALUES ('Co1', '000016.SZ', 'Konka Group Co.,Ltd', '86-755-26609138', 1000042195000000, '1980-10-01', 24.0795, 14106);
INSERT INTO Companies VALUES ('Co2', '000333.SZ', 'Midea Group Co., Ltd', '86-757-22607708,86-757-23274957,86-757-26637438', 1000042195000000, '2000-04-07', 76.5567, 198790);
INSERT INTO Companies VALUES ('Co3', '000404.SZ', 'Changhong Huayi Compressor Co., Ltd.', '86-798-8470237,86-798-8470228', 1000042195000000, '1996-06-13', 6.96, 7797);
INSERT INTO Companies VALUES ('Co4', '000521.SZ', 'Changhong Meiling Co.,Ltd.', '86-551-62219021', 1000042195000000, '1996-11-18', 10.2992, 16149);
INSERT INTO Companies VALUES ('Co5', '000541.SZ', 'Foshan Electrical and Lighting Co.,Ltd', '86-757-82966028,86-757-82810239', 1000042195000000, '1992-10-20', 15.4878, 12242);
INSERT INTO Companies VALUES ('Co6', '000651.SZ', 'Gree Electric Appliances,Inc.of Zhuhai', '86-756-8669232', 1000042195000000, '1989-12-13', 56.0141, 72610);
INSERT INTO Companies VALUES ('Co7', '000801.SZ', 'Sichuan Jiuzhou Electric Co., Ltd.', '86-816-2336252', 1000042195000000, '1991-11-28', 10.2281, 4948);
INSERT INTO Companies VALUES ('Co8', '000810.SZ', 'Skyworth Digital Co.,Ltd.', '86-755-26010018,86-755-26010680', 1000042195000000, '2002-04-16', 11.5022, 4858);
INSERT INTO Companies VALUES ('Co9', '000921.SZ', 'Hisense Home Appliances Group Co., Ltd.', '86-757-28362866', 1000042195000000, '1997-04-21', 13.8601, 56240);
INSERT INTO Companies VALUES ('Co10', '001259.SZ', 'Beijing Liven Technology Co., Ltd.', '86-10-68041897', 1000042195000000, '1998-10-05', 0.7359, 551);
INSERT INTO Companies VALUES ('Co11', '001268.SZ', 'Guangdong Yangshan United Precision Manufacturing Co.,Ltd.', '86-757-26326360', 1000042195000000, '2003-08-29', 1.0793, 1090);
INSERT INTO Companies VALUES ('Co12', '001326.SZ', 'Shenzhen Snc Opto Electronic Co., Ltd', '86-755-29683009,86-755-23200021', 1000042195000000, '2012-02-16', 0.732, 2013);
INSERT INTO Companies VALUES ('Co13', '001387.SZ', 'Hefei Snowky Electric Co.,Ltd.', '86-551-63893033', 1000042195000000, '2011-06-27', 1.7779, 1076);
INSERT INTO Companies VALUES ('Co14', '002005.SZ', 'Elec-Tech International Co., Ltd.', '86-756-3390188', 1000042195000000, '1996-05-14', 17.5242, 1566);
INSERT INTO Companies VALUES ('Co15', '002011.SZ', 'Zhejiang Dun\'an Artificial Environment Co., Ltd', '86-571-87113776', 1000042195000000, '2001-12-19', 10.6544, 11870);
INSERT INTO Companies VALUES ('Co16', '002032.SZ', 'Zhejiang Supor Co., Ltd.', '86-571-86858778', 1000042195000000, '1998-07-17', 8.0154, 10753);
INSERT INTO Companies VALUES ('Co17', '002035.SZ', 'Vatti Corporation Limited', '86-760-22839258,86-760-22839022,86-760-22839992,86-760-22244225', 1000042195000000, '1992-04-08', 8.4765, 5462);
INSERT INTO Companies VALUES ('Co18', '002050.SZ', 'Zhejiang Sanhua Intelligent Controls Co.,Ltd.', '86-571-28020008,86-575-86255360', 1000042195000000, '1994-09-10', 37.3239, 17732);
INSERT INTO Companies VALUES ('Co19', '002052.SZ', 'Shenzhen Coship Electronics Co.,Ltd.', '86-18025499135,86-18028758205', 1000042195000000, '1994-02-03', 7.4596, 476);
INSERT INTO Companies VALUES ('Co20', '002076.SZ', 'Cnlight Co., Ltd', '86-757-86695209,86-757-86695590', 1000042195000000, '1992-10-22', 11.0912, 408);
INSERT INTO Companies VALUES ('Co21', '002242.SZ', 'Joyoung Co.,Ltd.', '86-571-81639093,86-571-81639178', 1000042195000000, '2002-07-08', 7.6702, 2577);
INSERT INTO Companies VALUES ('Co22', '002290.SZ', 'Suzhou Hesheng Special Material Co.,Ltd.', '86-512-65073880,86-512-65073528', 1000042195000000, '2002-11-15', 2.4811, 821);
INSERT INTO Companies VALUES ('Co23', '002402.SZ', 'Shenzhen H&T Intelligent Control Co., Ltd.', '86-755-26727721', 1000042195000000, '2000-01-12', 9.2519, 7556);
INSERT INTO Companies VALUES ('Co24', '002403.SZ', 'Aishida Co.,Ltd', '86-576-86199005', 1000042195000000, '1993-05-13', 3.4064, 3936);
INSERT INTO Companies VALUES ('Co25', '002418.SZ', 'Zhe Jiang Kangsheng Co.,Ltd.', '86-571-64837208,86-571-64836953', 1000042195000000, '2002-11-26', 11.364, 2697);
INSERT INTO Companies VALUES ('Co26', '002420.SZ', 'Guangzhou Echom Sci.&Tech.Co.,Ltd', '86-20-32200889', 1000042195000000, '1997-09-12', 4.1436, 1904);
INSERT INTO Companies VALUES ('Co27', '002429.SZ', 'Shenzhen Mtc Co.Ltd', '86-755-33614068', 1000042195000000, '2005-04-04', 45.2694, 13677);
INSERT INTO Companies VALUES ('Co28', '002508.SZ', 'Hangzhou Robam Appliances Co.,Ltd.', '86-571-86187810', 1000042195000000, '2000-11-07', 9.4413, 5482);
INSERT INTO Companies VALUES ('Co29', '002543.SZ', 'Guangdong Vanward New Electric Co.,Ltd.', '86-757-28382828', 1000042195000000, '2003-12-29', 7.436, 4803);
INSERT INTO Companies VALUES ('Co30', '002614.SZ', 'Xiamen Comfort Science&Technology Group Co., Ltd.', '86-592-3795739,86-592-3795714', 1000042195000000, '1996-08-01', 6.2348, 8189);
INSERT INTO Companies VALUES ('Co31', '002638.SZ', 'Dongguan Kingsun Optoelectronic Co.,Ltd', '86-769-83996285', 1000042195000000, '1994-11-07', 14.3659, 798);
INSERT INTO Companies VALUES ('Co32', '002668.SZ', 'Guangdong TCL Smart Home Appliances Co.,Ltd.', '86-755-86529556', 1000042195000000, '2002-11-01', 10.8411, 12701);
INSERT INTO Companies VALUES ('Co33', '002676.SZ', 'Guangdong Sunwill Precising Plastic Co., Ltd', '86-757-28385938', 1000042195000000, '1992-05-08', 7.2, 3813);
INSERT INTO Companies VALUES ('Co34', '002677.SZ', 'Zhejiang Meida Industrial Co.,Ltd.', '86-573-87812298,86-573-87813679', 1000042195000000, '2001-12-29', 6.4605, 998);
INSERT INTO Companies VALUES ('Co35', '002705.SZ', 'Guangdong Xinbao Electrical Appliances Holdings Co.,Ltd', '86-757-25336206', 1000042195000000, '1995-12-11', 8.1188, 32780);
INSERT INTO Companies VALUES ('Co36', '002723.SZ', 'Kennede Electronics Mfg. Co., Ltd', '86-750-3167074', 1000042195000000, '2007-11-29', 3.1801, 1432);
INSERT INTO Companies VALUES ('Co37', '002724.SZ', 'Ocean\'s King Lighting Science & Technology Co., Ltd', '86-755-23242666*6496,86-755-23242666*6456', 1000042195000000, '1995-08-11', 7.715, 3209);
INSERT INTO Companies VALUES ('Co38', '002848.SZ', 'Gospell Digital Technology Co., Ltd.', '86-735-2659962,86-735-2666666', 1000042195000000, '2001-08-23', 1.6715, 639);
INSERT INTO Companies VALUES ('Co39', '002860.SZ', 'Hangzhou Star Shuaier Electric Appliance Co.,Ltd.', '86-571-63413898', 1000042195000000, '2002-05-15', 3.0601, 1407);
INSERT INTO Companies VALUES ('Co40', '002959.SZ', 'Bear Electric Appliance Co.,Ltd.', '86-757-29390865', 1000042195000000, '2006-03-16', 1.5706, 4918);
INSERT INTO Companies VALUES ('Co41', '003023.SZ', 'Chengdu Rainbow Appliance(Group)Shares Co.,Ltd.', '86-28-85362392', 1000042195000000, '1994-03-02', 1.0534, 2870);
INSERT INTO Companies VALUES ('Co42', '003028.SZ', 'Genbyte Technology Inc.', '86-755-86267201', 1000042195000000, '1999-07-15', 1.1178, 1906);
INSERT INTO Companies VALUES ('Co43', '200016.SZ', 'Konka Group Co.,Ltd', '86-755-26609138', 1000042195000000, '1980-10-01', 24.0795, 14106);
INSERT INTO Companies VALUES ('Co44', '200521.SZ', 'Changhong Meiling Co.,Ltd.', '86-551-62219021', 1000042195000000, '1996-11-18', 10.2992, 16149);
INSERT INTO Companies VALUES ('Co45', '200541.SZ', 'Foshan Electrical and Lighting Co.,Ltd', '86-757-82966028,86-757-82810239', 1000042195000000, '1992-10-20', 15.4878, 12242);
INSERT INTO Companies VALUES ('Co46', '300160.SZ', 'Jiangsu Xiuqiang Glasswork Co., Ltd', '86-527-81081160', 1000042195000000, '2001-09-28', 7.7295, 2376);
INSERT INTO Companies VALUES ('Co47', '300217.SZ', 'Zhenjiang Dongfang Electric Heating Technology Co.,Ltd', '86-511-88988598', 1000042195000000, '2000-02-02', 14.7798, 3135);
INSERT INTO Companies VALUES ('Co48', '300247.SZ', 'Youngy Health Co., Ltd.', '86-551-65329393', 1000042195000000, '1995-04-21', 8.0404, 421);
INSERT INTO Companies VALUES ('Co49', '300272.SZ', 'Canature Health Technology Co., Ltd.', '86-21-58599901', 1000042195000000, '2001-02-27', 5.7722, 1377);
INSERT INTO Companies VALUES ('Co50', '300279.SZ', 'Wuxi Hodgen Technology Co., Ltd.', '86-510-85259761', 1000042195000000, '1998-08-14', 4.891, 2362);
INSERT INTO Companies VALUES ('Co51', '300342.SZ', 'Changshu Tianyin Electromechanical Co.,Ltd', '86-512-52690818,86-512-52691536', 1000042195000000, '2002-08-02', 4.2504, 970);
INSERT INTO Companies VALUES ('Co52', '300403.SZ', 'Hanyu Group Joint-Stock Co., Ltd.', '86-750-3839060', 1000042195000000, '2002-11-26', 6.03, 1586);
INSERT INTO Companies VALUES ('Co53', '300543.SZ', 'Shenzhen Longood Intelligent Electric Co.,Ltd', '86-755-36690853', 1000042195000000, '2001-11-20', 2.6814, 2096);
INSERT INTO Companies VALUES ('Co54', '300625.SZ', 'Guangdong PAK Corporation Co., Ltd.', '86-20-28660360', 1000042195000000, '2010-05-19', 2.7933, 3830);
INSERT INTO Companies VALUES ('Co55', '300824.SZ', 'Shenzhen Crastal Technology Co.,Ltd', '86-755-26559930', 1000042195000000, '2003-05-09', 3.2634, 994);
INSERT INTO Companies VALUES ('Co56', '300894.SZ', 'Marssenger Kitchenware Co., Ltd.', '86-573-87019995', 1000042195000000, '2010-04-08', 4.0772, 2215);
INSERT INTO Companies VALUES ('Co57', '300911.SZ', 'Zhejiang Entive Smart Kitchen Appliance Co., Ltd.', '86-575-83260370', 1000042195000000, '2003-09-25', 1.3846, 1385);
INSERT INTO Companies VALUES ('Co58', '301008.SZ', 'Zhejiang Hongchang Electrical Technology Co., Ltd.', '86-579-84896101', 1000042195000000, '1996-05-03', 1.1164, 1475);
INSERT INTO Companies VALUES ('Co59', '301135.SZ', 'Guangdong Real-Design Intelligent Technology Co.,Ltd.', '86-757-29962231', 1000042195000000, '1997-02-04', 1.02, 1596);
INSERT INTO Companies VALUES ('Co60', '301187.SZ', 'Suzhou Alton Electrical & Mechanical Industry Co.,Ltd.', '86-512-82876660,86-512-82876660*8077', 1000042195000000, '2009-09-25', 1.8261, 1040);
INSERT INTO Companies VALUES ('Co61', '301252.SZ', 'Zhejiang Tongxing Technology Co., Ltd.', '86-575-86516318', 1000042195000000, '2001-01-09', 1.16, 1120);
INSERT INTO Companies VALUES ('Co62', '301280.SZ', 'Zhejiang Zuch Technology Co.,Ltd.', '86-577-62830070', 1000042195000000, '2000-07-03', 0.977, 1486);
INSERT INTO Companies VALUES ('Co63', '301332.SZ', 'Guangdong Deerma Technology Co., Ltd.', '86-757-26320262', 1000042195000000, '2011-07-12', 4.6156, 2699);
INSERT INTO Companies VALUES ('Co64', '301362.SZ', 'Up-Shine Lighting Co.,Limited', '86-755-23220840', 1000042195000000, '2010-03-05', 1.0467, 2448);
INSERT INTO Companies VALUES ('Co65', '301578.SZ', 'Guangdong Seneasy Intelligent Technology Co.,Ltd.', '86-752-5859599', 1000042195000000, '2009-05-06', 0.624, 1338);
INSERT INTO Companies VALUES ('Co66', '430718.BJ', 'Hefei Gaoco Technology Co.,Ltd.', '86-551-65773318', 1000042195000000, '2009-07-14', 0.9067, 913);
INSERT INTO Companies VALUES ('Co67', '600060.SH', 'Hisense Visual Technology Co.,Ltd.', '86-532-83889556', 1000042195000000, '1997-04-17', 13.0497, 18038);
INSERT INTO Companies VALUES ('Co68', '600261.SH', 'Zhejiang Yankon Group Co.,Ltd', '86-575-82027721', 1000042195000000, '1997-07-16', 13.3505, 4039);
INSERT INTO Companies VALUES ('Co69', '600336.SH', 'Aucma Co.,Ltd.', '86-532-86765129', 1000042195000000, '1998-12-28', 7.9801, 6904);
INSERT INTO Companies VALUES ('Co70', '600619.SH', 'Shanghai Highly (Group) Co., Ltd.', '86-21-58547777,86-21-58547618', 1000042195000000, '1993-03-26', 10.7334, 8423);
INSERT INTO Companies VALUES ('Co71', '600690.SH', 'Haier Smart Home Co., Ltd.', '86-532-88931670,86-852-21690000', 1000042195000000, '1994-03-31', 93.8291, 112458);
INSERT INTO Companies VALUES ('Co72', '600839.SH', 'Sichuan Changhong Electric Co.,Ltd.', '86-816-2418436,86-816-2418700', 1000042195000000, '1993-04-08', 46.1624, 45662);
INSERT INTO Companies VALUES ('Co73', '600983.SH', 'Whirlpool (China) Co., Ltd.', '86-551-65338028', 1000042195000000, '2000-03-30', 7.6644, 3426);
INSERT INTO Companies VALUES ('Co74', '601956.SH', 'Hubei Donper Electromechanical Group Co., Ltd.', '86-714-5415858', 1000042195000000, '2002-01-18', 6.2178, 7029);
INSERT INTO Companies VALUES ('Co75', '603075.SH', 'Hangzhou Heatwell Electric Heating Technology Co., Ltd.', '86-571-86697018', 1000042195000000, '2002-04-16', 4.0255, 2343);
INSERT INTO Companies VALUES ('Co76', '603112.SH', 'Shanxi Huaxiang Group Co., Ltd', '86-357-5553369', 1000042195000000, '2008-12-29', 4.7058, 5610);
INSERT INTO Companies VALUES ('Co77', '603215.SH', 'Zhejiang Biyi Electric Appliance Co., Ltd.', '86-574-62608313,86-574-58225758', 1000042195000000, '2001-03-20', 1.8855, 2127);
INSERT INTO Companies VALUES ('Co78', '603219.SH', 'Ningbo Fujia Industrial Co., Ltd.', '86-574-62838000', 1000042195000000, '2002-08-08', 5.614, 2631);
INSERT INTO Companies VALUES ('Co79', '603303.SH', 'Hengdian Group Tospo Lighting Co.,Ltd.', '86-579-86311910', 1000042195000000, '1996-12-30', 4.7694, 3622);
INSERT INTO Companies VALUES ('Co80', '603311.SH', 'Zhejiang Goldensea Hi-Tech Co., Ltd', '86-21-51567009', 1000042195000000, '1995-07-05', 2.3588, 1384);
INSERT INTO Companies VALUES ('Co81', '603355.SH', 'Kingclean Electric Co.,Ltd', '86-512-68253260,86-512-68415208,86-512-67372533', 1000042195000000, '2001-12-26', 5.7351, 9496);
INSERT INTO Companies VALUES ('Co82', '603366.SH', 'Solareast Holdings Co., Ltd.', '86-518-85959992', 1000042195000000, '1997-04-01', 8.1328, 4613);
INSERT INTO Companies VALUES ('Co83', '603486.SH', 'Ecovacs Robotics Co., Ltd', '86-512-65875866', 1000042195000000, '1998-03-11', 5.753, 9697);
INSERT INTO Companies VALUES ('Co84', '603515.SH', 'Opple Lighting Co., Ltd', '86-21-38550000*6720', 1000042195000000, '2008-10-21', 7.4523, 6323);
INSERT INTO Companies VALUES ('Co85', '603519.SH', 'Jiangsu Liba Enterprise Joint-Stock Co.,Ltd', '86-510-68535818', 1000042195000000, '1994-01-19', 2.6633, 344);
INSERT INTO Companies VALUES ('Co86', '603551.SH', 'AUPU Intelligent Technology Corporation Limited', '86-571-88177925', 1000042195000000, '2004-09-09', 4.0134, 1024);
INSERT INTO Companies VALUES ('Co87', '603578.SH', 'Zhejiang Three Stars New Materials Co.,Ltd.', '86-572-8370557', 1000042195000000, '1999-06-24', 1.8036, 993);
INSERT INTO Companies VALUES ('Co88', '603579.SH', 'Shanghai Rongtai Health Technology Corporation Limited', '86-21-59833669', 1000042195000000, '2002-11-15', 1.7738, 1096);
INSERT INTO Companies VALUES ('Co89', '603657.SH', 'Jinhua Chunguang Technology Co.,Ltd', '86-579-82237156', 1000042195000000, '2000-07-11', 1.3649, 2791);
INSERT INTO Companies VALUES ('Co90', '603677.SH', 'Qijing Machinery Co., Ltd.', '86-574-65310999', 1000042195000000, '1996-11-29', 1.9215, 2493);
INSERT INTO Companies VALUES ('Co91', '603726.SH', 'Zhejiang Langdi Group Co., Ltd.', '86-574-62193001', 1000042195000000, '1998-03-09', 1.8565, 2346);
INSERT INTO Companies VALUES ('Co92', '603868.SH', 'Shanghai Flyco Electrical Appliance Co., Ltd', '86-21-52858888*839', 1000042195000000, '2006-06-10', 4.356, 4333);
INSERT INTO Companies VALUES ('Co93', '605336.SH', 'Zhejiang Sanfer Electric Co., Ltd', '86-575-83356233', 1000042195000000, '1998-12-15', 1.8341, 1162);
INSERT INTO Companies VALUES ('Co94', '605365.SH', 'Leedarson Iot Technology Inc.', '86-592-3668275', 1000042195000000, '2015-04-07', 5.0201, 8440);
INSERT INTO Companies VALUES ('Co95', '605555.SH', 'Ningbo Dechang Electrical Machinery Made Co., Ltd.', '86-574-62699962', 1000042195000000, '2002-01-21', 3.7236, 3976);
INSERT INTO Companies VALUES ('Co96', '688169.SH', 'Beijing Roborock Technology Co., Ltd.', '86-10-80701697', 1000042195000000, '2014-07-04', 1.8472, 2089);
INSERT INTO Companies VALUES ('Co97', '688609.SH', 'Unionman Technology Co., Ltd.', '86-752-5795189', 1000042195000000, '2001-11-07', 5.0, 1606);
INSERT INTO Companies VALUES ('Co98', '688696.SH', 'Xgimi Technology Co., Ltd.', '86-28-67599894*8432', 1000042195000000, '2013-11-18', 0.7, 2448);
INSERT INTO Companies VALUES ('Co99', '688793.SH', 'Shenzhen Breo Technology Co.,Ltd', '86-755-82073336*8184', 1000042195000000, '2000-07-05', 0.8595, 987);
INSERT INTO Companies VALUES ('Co100', '831641.BJ', 'Gloria Technology Llc', '86-516-83312665', 1000042195000000, '2006-05-26', 0.7732, 964);
INSERT INTO Companies VALUES ('Co101', '831768.BJ', 'Zhuhai Speedbird Pvc Film Laminated Metal Sheet Co.,Ltd', '86-756-7239230', 1000042195000000, '1995-12-20', 1.1097, 795);
INSERT INTO Companies VALUES ('Co102', '836699.BJ', 'Wuxi Haidaer Precision Slides Co.,Ltd', '86-510-83250968', 1000042195000000, '2012-12-25', 0.4563, 223);
INSERT INTO Companies VALUES ('Co103', '870199.BJ', 'Sichuan Qian Li Beoka Medical Technology Co.,Ltd.', '86-28-84215342', 1000042195000000, '2006-03-03', 0.6811, 519);
INSERT INTO Companies VALUES ('Co104', '870726.BJ', 'Guangdong Hallsmart Intelligence Technology Corp.,Ltd.', '86-759-3836022', 1000042195000000, '1999-05-17', 0.6052, 601);
INSERT INTO Companies VALUES ('Co105', '873339.BJ', 'Jiangsu Ever-Tie Lighting Co., Ltd', '86-513-80290019', 1000042195000000, '2013-11-20', 2.202, 722);
INSERT INTO Companies VALUES ('Co106', '900910.SH', 'Shanghai Highly (Group) Co., Ltd.', '86-21-58547777,86-21-58547618', 1000042195000000, '1993-03-26', 10.7334, 8423);

INSERT INTO esg_data VALUES ('EP1', 'Co1', 'BBB', 2.41, 5.47, 4.88, NULL, 3.311, 2.796);
INSERT INTO esg_data VALUES ('EP2', 'Co2', 'AA', 9.03, 6.48, 7.97, 1.7, 5.243, 2.946);
INSERT INTO esg_data VALUES ('EP3', 'Co3', 'A', 7.12, 6.19, 6.34, NULL, 4.529, 2.97);
INSERT INTO esg_data VALUES ('EP4', 'Co4', 'BBB', 7.66, 3.62, 7.03, NULL, 3.934, 2.958);
INSERT INTO esg_data VALUES ('EP5', 'Co5', 'BBB', 2.47, 5.35, 6.54, 0.5, 3.731, 2.979);
INSERT INTO esg_data VALUES ('EP6', 'Co6', 'BB', 6.66, 2.93, 4.71, 1.0, 2.968, 2.928);
INSERT INTO esg_data VALUES ('EP7', 'Co7', 'BB', 1.48, 3.02, 5.63, NULL, 2.646, 2.943);
INSERT INTO esg_data VALUES ('EP8', 'Co8', 'BBB', 2.77, 4.54, 5.6, 1.4, 3.199, 2.97);
INSERT INTO esg_data VALUES ('EP9', 'Co9', 'A', 7.07, 7.31, 7.05, NULL, 5.019, 2.97);
INSERT INTO esg_data VALUES ('EP10', 'Co10', 'B', 0.12, 1.18, 3.52, NULL, 1.337, 2.985);
INSERT INTO esg_data VALUES ('EP11', 'Co11', 'BB', 1.16, 2.47, 5.26, NULL, 2.24, 3.0);
INSERT INTO esg_data VALUES ('EP12', 'Co12', 'B', 0.06, 1.39, 5.74, NULL, 1.701, 3.0);
INSERT INTO esg_data VALUES ('EP13', 'Co13', 'BB', 0.88, 2.63, 4.72, NULL, 2.205, 2.91);
INSERT INTO esg_data VALUES ('EP14', 'Co14', 'B', 0.0, 1.29, 4.24, NULL, 1.554, 2.868);
INSERT INTO esg_data VALUES ('EP15', 'Co15', 'BB', 2.17, 3.4, 4.77, NULL, 2.534, 2.943);
INSERT INTO esg_data VALUES ('EP16', 'Co16', 'A', 7.33, 5.65, 6.4, 1.1, 4.354, 2.958);
INSERT INTO esg_data VALUES ('EP17', 'Co17', 'BBB', 3.94, 3.37, 5.63, NULL, 3.038, 2.997);
INSERT INTO esg_data VALUES ('EP18', 'Co18', 'BB', 2.76, 4.19, 5.48, 1.4, 3.031, 2.829);
INSERT INTO esg_data VALUES ('EP19', 'Co19', 'B', 0.12, 2.85, 2.97, NULL, 1.708, 2.796);
INSERT INTO esg_data VALUES ('EP20', 'Co20', 'B', 0.0, 1.53, 3.65, NULL, 1.47, 3.0);
INSERT INTO esg_data VALUES ('EP21', 'Co21', 'A', 7.84, 6.06, 6.29, 2.3, 4.515, 2.991);
INSERT INTO esg_data VALUES ('EP22', 'Co22', 'B', 0.0, 2.31, 4.77, NULL, 2.016, 2.772);
INSERT INTO esg_data VALUES ('EP23', 'Co23', 'BBB', 2.59, 4.7, 5.9, NULL, 3.185, 2.829);
INSERT INTO esg_data VALUES ('EP24', 'Co24', 'B', 0.0, 2.36, 4.53, NULL, 1.967, 2.952);
INSERT INTO esg_data VALUES ('EP25', 'Co25', 'B', 1.31, 2.0, 3.42, NULL, 1.708, 2.985);
INSERT INTO esg_data VALUES ('EP26', 'Co26', 'B', 0.12, 1.97, 4.3, NULL, 1.799, 2.886);
INSERT INTO esg_data VALUES ('EP27', 'Co27', 'B', 0.55, 1.51, 3.95, 0.9, 1.61, 2.928);
INSERT INTO esg_data VALUES ('EP28', 'Co28', 'BBB', 8.1, 4.77, 6.79, 2.8, 4.277, 2.97);
INSERT INTO esg_data VALUES ('EP29', 'Co29', 'BB', 1.64, 2.0, 5.28, NULL, 2.254, 2.958);
INSERT INTO esg_data VALUES ('EP30', 'Co30', 'BB', 0.34, 2.18, 4.47, NULL, 1.932, 2.985);
INSERT INTO esg_data VALUES ('EP31', 'Co31', 'B', 0.07, 1.87, 3.2, NULL, 1.232, 2.97);
INSERT INTO esg_data VALUES ('EP32', 'Co32', 'BBB', 6.61, 5.29, 5.46, NULL, 3.906, 2.886);
INSERT INTO esg_data VALUES ('EP33', 'Co33', 'B', 0.39, 2.2, 4.11, NULL, 1.848, 2.985);
INSERT INTO esg_data VALUES ('EP34', 'Co34', 'BB', 0.99, 1.76, 5.37, NULL, 2.128, 3.0);
INSERT INTO esg_data VALUES ('EP35', 'Co35', 'B', 0.66, 1.16, 4.88, 1.0, 1.764, 2.985);
INSERT INTO esg_data VALUES ('EP36', 'Co36', 'B', 0.12, 2.08, 4.36, NULL, 1.848, 2.88);
INSERT INTO esg_data VALUES ('EP37', 'Co37', 'B', 0.19, 2.9, 4.87, NULL, 1.904, 2.934);
INSERT INTO esg_data VALUES ('EP38', 'Co38', 'B', 0.0, 1.09, 5.14, NULL, 1.736, 2.829);
INSERT INTO esg_data VALUES ('EP39', 'Co39', 'BB', 1.8, 2.91, 4.02, NULL, 2.142, 2.937);
INSERT INTO esg_data VALUES ('EP40', 'Co40', 'B', 0.12, 2.48, 4.32, NULL, 1.96, 2.886);
INSERT INTO esg_data VALUES ('EP41', 'Co41', 'BB', 0.27, 2.1, 5.39, NULL, 2.149, 2.958);
INSERT INTO esg_data VALUES ('EP42', 'Co42', 'B', 1.07, 2.29, 4.27, NULL, 1.841, 2.913);
INSERT INTO esg_data VALUES ('EP43', 'Co43', NULL, NULL, NULL, NULL, NULL, 3.311, 2.796);
INSERT INTO esg_data VALUES ('EP44', 'Co44', NULL, NULL, NULL, NULL, NULL, 3.934, 2.958);
INSERT INTO esg_data VALUES ('EP45', 'Co45', NULL, NULL, NULL, NULL, 0.5, 3.731, 2.979);
INSERT INTO esg_data VALUES ('EP46', 'Co46', 'BBB', 3.41, 5.24, 6.07, NULL, 3.682, 3.0);
INSERT INTO esg_data VALUES ('EP47', 'Co47', 'B', 0.39, 1.9, 4.22, NULL, 1.785, 2.994);
INSERT INTO esg_data VALUES ('EP48', 'Co48', 'B', 0.0, 1.89, 3.72, NULL, 1.603, 3.0);
INSERT INTO esg_data VALUES ('EP49', 'Co49', 'BB', 3.77, 2.85, 4.8, NULL, 2.632, 3.0);
INSERT INTO esg_data VALUES ('EP50', 'Co50', 'B', 1.29, 1.57, 2.86, NULL, 1.344, 2.928);
INSERT INTO esg_data VALUES ('EP51', 'Co51', 'BB', 0.22, 3.22, 5.41, NULL, 2.324, 2.958);
INSERT INTO esg_data VALUES ('EP52', 'Co52', 'B', 0.0, 2.44, 3.68, NULL, 1.764, 2.985);
INSERT INTO esg_data VALUES ('EP53', 'Co53', 'B', 0.72, 3.09, 3.78, NULL, 1.897, 2.985);
INSERT INTO esg_data VALUES ('EP54', 'Co54', 'A', 6.11, 5.89, 6.45, NULL, 4.305, 2.952);
INSERT INTO esg_data VALUES ('EP55', 'Co55', 'B', 0.0, 2.28, 3.63, NULL, 1.701, 3.0);
INSERT INTO esg_data VALUES ('EP56', 'Co56', 'B', 1.09, 1.46, 5.58, NULL, 2.1, 2.913);
INSERT INTO esg_data VALUES ('EP57', 'Co57', 'BB', 0.77, 2.49, 6.3, NULL, 2.583, 2.871);
INSERT INTO esg_data VALUES ('EP58', 'Co58', 'BB', 1.0, 3.32, 4.48, NULL, 2.24, 2.943);
INSERT INTO esg_data VALUES ('EP59', 'Co59', 'B', 0.91, 2.56, 4.25, NULL, 1.883, 3.0);
INSERT INTO esg_data VALUES ('EP60', 'Co60', 'B', 0.0, 2.46, 4.42, NULL, 1.827, 2.928);
INSERT INTO esg_data VALUES ('EP61', 'Co61', 'B', 0.67, 1.52, 4.32, NULL, 1.652, 3.0);
INSERT INTO esg_data VALUES ('EP62', 'Co62', 'B', 0.68, 2.5, 3.79, NULL, 1.722, 3.0);
INSERT INTO esg_data VALUES ('EP63', 'Co63', 'B', 0.0, 1.38, 4.78, NULL, 1.729, 2.997);
INSERT INTO esg_data VALUES ('EP64', 'Co64', 'BB', 1.45, 3.06, 4.72, NULL, 2.177, 3.0);
INSERT INTO esg_data VALUES ('EP65', 'Co65', 'B', 1.29, 2.0, 4.13, NULL, 1.764, 2.979);
INSERT INTO esg_data VALUES ('EP66', 'Co66', 'B', 0.44, 1.81, 3.78, NULL, 1.428, 2.97);
INSERT INTO esg_data VALUES ('EP67', 'Co67', 'AAA', 10.0, 8.79, 9.18, 1.7, 6.405, 2.943);
INSERT INTO esg_data VALUES ('EP68', 'Co68', 'BB', 0.55, 2.65, 5.76, NULL, 2.457, 3.0);
INSERT INTO esg_data VALUES ('EP69', 'Co69', 'B', 0.84, 2.27, 4.38, NULL, 1.995, 2.913);
INSERT INTO esg_data VALUES ('EP70', 'Co70', 'A', 6.59, 5.51, 6.18, NULL, 4.214, 2.913);
INSERT INTO esg_data VALUES ('EP71', 'Co71', 'A', 9.13, 7.48, 6.68, 3.1, 5.215, 2.967);
INSERT INTO esg_data VALUES ('EP72', 'Co72', 'A', 8.37, 6.47, 5.96, 1.6, 4.613, 2.958);
INSERT INTO esg_data VALUES ('EP73', 'Co73', 'BB', 3.03, 2.59, 5.32, NULL, 2.611, 2.775);
INSERT INTO esg_data VALUES ('EP74', 'Co74', 'BB', 3.52, 2.11, 3.91, NULL, 2.177, 2.958);
INSERT INTO esg_data VALUES ('EP75', 'Co75', 'BB', 0.39, 2.32, 4.82, NULL, 2.079, 3.0);
INSERT INTO esg_data VALUES ('EP76', 'Co76', 'BB', 4.5, 2.12, 4.63, NULL, 2.534, 2.901);
INSERT INTO esg_data VALUES ('EP77', 'Co77', 'BB', 1.31, 2.49, 4.7, NULL, 2.205, 3.0);
INSERT INTO esg_data VALUES ('EP78', 'Co78', 'BB', 2.13, 2.29, 5.01, NULL, 2.324, 2.91);
INSERT INTO esg_data VALUES ('EP79', 'Co79', 'BB', 0.66, 2.36, 4.68, NULL, 2.086, 3.0);
INSERT INTO esg_data VALUES ('EP80', 'Co80', 'BB', 1.1, 2.87, 5.02, NULL, 2.387, 2.91);
INSERT INTO esg_data VALUES ('EP81', 'Co81', 'B', 1.36, 1.45, 4.73, 1.4, 1.897, 2.967);
INSERT INTO esg_data VALUES ('EP82', 'Co82', 'B', 0.12, 1.19, 4.52, NULL, 1.617, 2.988);
INSERT INTO esg_data VALUES ('EP83', 'Co83', 'AA', 9.65, 5.9, 8.42, 1.0, 5.257, 2.901);
INSERT INTO esg_data VALUES ('EP84', 'Co84', 'BBB', 3.14, 3.95, 7.06, 1.3, 3.521, 2.943);
INSERT INTO esg_data VALUES ('EP85', 'Co85', 'B', 0.33, 1.05, 4.69, NULL, 1.645, 2.97);
INSERT INTO esg_data VALUES ('EP86', 'Co86', 'B', 0.13, 2.4, 4.66, NULL, 1.715, 2.958);
INSERT INTO esg_data VALUES ('EP87', 'Co87', 'B', 1.31, 1.48, 4.73, NULL, 1.904, 2.982);
INSERT INTO esg_data VALUES ('EP88', 'Co88', 'BBB', 4.45, 3.21, 5.73, NULL, 3.171, 2.982);
INSERT INTO esg_data VALUES ('EP89', 'Co89', 'BB', 1.31, 2.29, 4.35, NULL, 2.051, 2.952);
INSERT INTO esg_data VALUES ('EP90', 'Co90', 'B', 0.55, 1.3, 4.35, NULL, 1.652, 2.913);
INSERT INTO esg_data VALUES ('EP91', 'Co91', 'BB', 1.65, 1.91, 5.16, NULL, 2.142, 3.0);
INSERT INTO esg_data VALUES ('EP92', 'Co92', 'B', 1.15, 0.64, 5.79, 0.9, 1.911, 2.979);
INSERT INTO esg_data VALUES ('EP93', 'Co93', 'BB', 0.67, 2.8, 5.06, NULL, 2.324, 2.931);
INSERT INTO esg_data VALUES ('EP94', 'Co94', 'BBB', 4.44, 3.53, 5.46, NULL, 3.101, 2.943);
INSERT INTO esg_data VALUES ('EP95', 'Co95', 'B', 0.88, 1.38, 5.46, NULL, 2.016, 2.967);
INSERT INTO esg_data VALUES ('EP96', 'Co96', 'BB', 3.99, 4.11, 6.19, 1.8, 3.43, 2.967);
INSERT INTO esg_data VALUES ('EP97', 'Co97', 'BB', 2.04, 4.07, 4.81, NULL, 2.653, 2.943);
INSERT INTO esg_data VALUES ('EP98', 'Co98', 'B', 1.09, 2.82, 4.07, 0.7, 1.953, 2.955);
INSERT INTO esg_data VALUES ('EP99', 'Co99', 'BB', 2.18, 2.44, 5.33, NULL, 2.464, 2.928);
INSERT INTO esg_data VALUES ('EP100', 'Co100', 'B', 0.4, 2.05, 4.91, NULL, 2.023, 3.0);
INSERT INTO esg_data VALUES ('EP101', 'Co101', 'B', 0.5, 2.77, 3.69, NULL, 1.729, 2.937);
INSERT INTO esg_data VALUES ('EP102', 'Co102', 'BB', 1.19, 5.42, 4.86, NULL, 2.702, 3.0);
INSERT INTO esg_data VALUES ('EP103', 'Co103', 'B', 0.0, 1.81, 4.26, NULL, 1.876, 2.943);
INSERT INTO esg_data VALUES ('EP104', 'Co104', 'B', 0.0, 0.94, 4.04, NULL, 1.393, 3.0);
INSERT INTO esg_data VALUES ('EP105', 'Co105', 'B', 0.0, 1.96, 3.93, NULL, 1.68, 2.847);
INSERT INTO esg_data VALUES ('EP106', 'Co106', NULL, NULL, NULL, NULL, NULL, 4.214, 2.913);
INSERT INTO Balance_sheet VALUES ('Ba1', '000016.SZ', 358.2481821, 161.7493346, 32.49897701, 52.18297745, 299.1819535, 114.7189327, 184.4630208, 56.44401185);
INSERT INTO Balance_sheet VALUES ('Ba2', '000333.SZ', 4860.38184, 2813.2098, 473.39255, 309.37963, 3117.38535, 604.92814, 2512.45721, 1628.78825);
INSERT INTO Balance_sheet VALUES ('Ba3', '000404.SZ', 139.0253893, 105.1100315, 16.95362013, 14.06180219, 87.08735531, 6.937243842, 80.15011147, 38.23954925);
INSERT INTO Balance_sheet VALUES ('Ba4', '000521.SZ', 193.9160453, 146.6816141, 20.22738413, 21.04618851, 131.9756974, 3.505525735, 128.4701717, 58.24782654);
INSERT INTO Balance_sheet VALUES ('Ba5', '000541.SZ', 169.3443992, 95.28113272, 19.71171641, 34.51760128, 71.63042426, 5.218794535, 66.41162972, 62.85442808);
INSERT INTO Balance_sheet VALUES ('Ba6', '000651.SZ', 3680.539026, 2281.413095, 325.7914003, 340.2372882, 2474.077492, 464.244494, 2009.832998, 1167.937161);
INSERT INTO Balance_sheet VALUES ('Ba7', '000801.SZ', 67.15497087, 51.61396301, 6.508254889, 3.676865576, 34.65688307, 1.751788305, 32.90509477, 29.59454463);
INSERT INTO Balance_sheet VALUES ('Ba8', '000810.SZ', 114.4711325, 94.03247958, 18.65179415, 6.236186164, 50.78075068, 1.653865017, 49.12688566, 63.67875641);
INSERT INTO Balance_sheet VALUES ('Ba9', '000921.SZ', 659.4649556, 451.3991948, 67.74603438, 56.62566792, 465.5043643, 25.08344183, 440.4209225, 135.8017449);
INSERT INTO Balance_sheet VALUES ('Ba10', '001259.SZ', 8.507584474, 7.42706018, 1.170680053, 0.274814264, 0.847688125, 0.037096544, 0.810591581, 7.604003638);
INSERT INTO Balance_sheet VALUES ('Ba11', '001268.SZ', 12.13269189, 5.896171849, 0.624482975, 5.282301482, 2.263821454, 0.330128394, 1.93369306, 9.868870439);
INSERT INTO Balance_sheet VALUES ('Ba12', '001326.SZ', 19.04183957, 15.4561551, 2.000096734, 2.033558425, 6.83119767, 0.753130873, 6.078066797, 12.2106419);
INSERT INTO Balance_sheet VALUES ('Ba13', '001387.SZ', 16.99485197, 11.4041209, 1.483499009, 4.714155551, 9.718183278, 0.338566947, 9.379616331, 7.113876079);
INSERT INTO Balance_sheet VALUES ('Ba14', '002005.SZ', 18.34280948, 6.198274997, 0.855895462, 5.696422871, 12.84980688, 0.891674421, 11.95813246, 3.8124859);
INSERT INTO Balance_sheet VALUES ('Ba15', '002011.SZ', 107.829797, 87.83826635, 12.7866981, 10.20822907, 63.96800888, 8.978518362, 54.98949052, 44.17310362);
INSERT INTO Balance_sheet VALUES ('Ba16', '002032.SZ', 131.0670361, 100.3669451, 22.62683387, 12.4321069, 67.2487055, 2.00375994, 65.24494556, 63.4533302);
INSERT INTO Balance_sheet VALUES ('Ba17', '002035.SZ', 71.98730829, 50.33220449, 8.010468495, 12.94296035, 35.08753213, 0.304483521, 34.78304861, 36.44092141);
INSERT INTO Balance_sheet VALUES ('Ba18', '002050.SZ', 318.9058477, 200.7154017, 46.00729378, 77.30363779, 138.2687715, 20.08032963, 118.1884419, 178.9440398);
INSERT INTO Balance_sheet VALUES ('Ba19', '002052.SZ', 3.881102309, 1.963440755, 0.475794806, 0.533285584, 3.945930165, 0.610876625, 3.33505354, 0.084475041);
INSERT INTO Balance_sheet VALUES ('Ba20', '002076.SZ', 5.293095914, 2.620352911, 1.156457115, 0.294509738, 2.700295879, 0.607341085, 2.092954793, 3.18030714);
INSERT INTO Balance_sheet VALUES ('Ba21', '002242.SZ', 76.1208003, 56.26769909, 5.584171318, 6.113654949, 41.25833068, 0.592499716, 40.66583097, 34.71347162);
INSERT INTO Balance_sheet VALUES ('Ba22', '002290.SZ', 17.65760768, 14.16173324, 4.152559547, 2.04492758, 10.59719141, 2.007168913, 8.590022493, 7.060416274);
INSERT INTO Balance_sheet VALUES ('Ba23', '002402.SZ', 99.64685431, 62.21602623, 21.19179748, 15.08511494, 46.81014284, 1.862510927, 44.94763191, 45.4338768);
INSERT INTO Balance_sheet VALUES ('Ba24', '002403.SZ', 47.07386401, 18.81540955, 7.890135557, 15.38679586, 30.63881884, 7.549115049, 23.08970379, 16.72327661);
INSERT INTO Balance_sheet VALUES ('Ba25', '002418.SZ', 26.48528286, 14.92569578, 2.112829489, 4.232415949, 11.31274167, 1.626685791, 9.686055883, 15.23980417);
INSERT INTO Balance_sheet VALUES ('Ba26', '002420.SZ', 22.8597161, 14.53137547, 2.244722942, 4.05490326, 17.81255783, 0.79401942, 17.01853841, 4.726900609);
INSERT INTO Balance_sheet VALUES ('Ba27', '002429.SZ', 267.2354599, 154.8402696, 26.78354451, 72.29460251, 114.9656916, 38.07187719, 76.89381436, 148.0165747);
INSERT INTO Balance_sheet VALUES ('Ba28', '002508.SZ', 167.7953132, 115.8651675, 15.2427472, 17.20724257, 61.48935268, 1.757076127, 59.73227655, 105.2293873);
INSERT INTO Balance_sheet VALUES ('Ba29', '002543.SZ', 83.96615781, 53.16289721, 8.208444822, 8.18116774, 38.57166402, 0.634163164, 37.93750086, 45.39449379);
INSERT INTO Balance_sheet VALUES ('Ba30', '002614.SZ', 80.1942477, 48.16250174, 9.882256336, 14.25162665, 34.1562936, 7.30939397, 26.84689963, 45.79259999);
INSERT INTO Balance_sheet VALUES ('Ba31', '002638.SZ', 27.91941876, 15.74536237, 1.64754877, 1.132977312, 2.729140094, 0.475688914, 2.253451181, 25.18791973);
INSERT INTO Balance_sheet VALUES ('Ba32', '002668.SZ', 125.7219464, 96.86920488, 15.40742734, 19.72110166, 101.9312568, 3.36732646, 98.5639303, 14.13930338);
INSERT INTO Balance_sheet VALUES ('Ba33', '002676.SZ', 25.56983087, 17.74939442, 4.363903456, 4.851246898, 13.59342859, 2.043038087, 11.55039051, 11.81180695);
INSERT INTO Balance_sheet VALUES ('Ba34', '002677.SZ', 23.32689206, 13.86369853, 0.66052855, 6.409550205, 3.041318517, 0.229418733, 2.811899784, 20.28557355);
INSERT INTO Balance_sheet VALUES ('Ba35', '002705.SZ', 144.3141643, 78.61248279, 18.52795054, 37.63989329, 66.99669847, 1.792644723, 65.20405375, 75.88321495);
INSERT INTO Balance_sheet VALUES ('Ba36', '002723.SZ', 28.60033076, 16.82906738, 2.773309633, 4.708239868, 15.87024813, 1.256333769, 14.61391436, 12.37868311);
INSERT INTO Balance_sheet VALUES ('Ba37', '002724.SZ', 39.1433551, 26.71650921, 1.271900402, 3.752788025, 8.074133955, 0.235802115, 7.83833184, 28.65197952);
INSERT INTO Balance_sheet VALUES ('Ba38', '002848.SZ', 4.351746465, 2.541532557, 0.463510133, 1.179424055, 2.961697234, 0.1082281, 2.853469133, 1.388589443);
INSERT INTO Balance_sheet VALUES ('Ba39', '002860.SZ', 33.93933365, 26.08554797, 3.40570646, 4.308208755, 16.68218406, 4.104094352, 12.57808971, 16.88618859);
INSERT INTO Balance_sheet VALUES ('Ba40', '002959.SZ', 53.86286201, 38.75521778, 6.197394103, 7.684211208, 26.49846411, 4.919702096, 21.57876202, 27.36439789);
INSERT INTO Balance_sheet VALUES ('Ba41', '003023.SZ', 20.9534776, 16.46171, 4.439615088, 2.935176043, 5.865282431, 0.031423594, 5.833858837, 14.77660789);
INSERT INTO Balance_sheet VALUES ('Ba42', '003028.SZ', 22.05862147, 17.70387149, 1.76684199, 0.752815609, 6.225878208, 0.517457099, 5.708421109, 15.83274326);
INSERT INTO Balance_sheet VALUES ('Ba43', '200016.SZ', 358.2481821, 161.7493346, 32.49897701, 52.18297745, 299.1819535, 114.7189327, 184.4630208, 56.44401185);
INSERT INTO Balance_sheet VALUES ('Ba44', '200521.SZ', 193.9160453, 146.6816141, 20.22738413, 21.04618851, 131.9756974, 3.505525735, 128.4701717, 58.24782654);
INSERT INTO Balance_sheet VALUES ('Ba45', '200541.SZ', 169.3443992, 95.28113272, 19.71171641, 34.51760128, 71.63042426, 5.218794535, 66.41162972, 62.85442808);
INSERT INTO Balance_sheet VALUES ('Ba46', '300160.SZ', 29.6653179, 23.0668689, 1.903574117, 5.398411561, 5.788029404, 0.340385931, 5.447643473, 23.86599242);
INSERT INTO Balance_sheet VALUES ('Ba47', '300217.SZ', 72.69747626, 57.10674955, 20.06164622, 10.7438856, 33.55347192, 0.619444646, 32.93402727, 39.07182648);
INSERT INTO Balance_sheet VALUES ('Ba48', '300247.SZ', 12.21559067, 8.180237302, 1.439187126, 1.729993455, 1.488520712, 0.244514443, 1.244006269, 10.16847716);
INSERT INTO Balance_sheet VALUES ('Ba49', '300272.SZ', 29.98215755, 14.11601674, 2.48716218, 2.348805649, 16.27081012, 4.676408048, 11.59440207, 12.98766271);
INSERT INTO Balance_sheet VALUES ('Ba50', '300279.SZ', 22.88053328, 16.56042422, 5.12825562, 2.320745214, 13.70354383, 0.092028231, 13.61151559, 9.174723017);
INSERT INTO Balance_sheet VALUES ('Ba51', '300342.SZ', 21.62546767, 14.32380867, 4.13519982, 3.459711597, 6.27993098, 0.152269134, 6.127661846, 15.23340298);
INSERT INTO Balance_sheet VALUES ('Ba52', '300403.SZ', 23.67540562, 8.714071427, 2.367805221, 4.337952641, 4.12557905, 0.199016552, 3.926562498, 19.54982657);
INSERT INTO Balance_sheet VALUES ('Ba53', '300543.SZ', 20.51269827, 13.36436783, 2.693362974, 1.723320279, 9.505103477, 3.819313252, 5.685790225, 10.99328812);
INSERT INTO Balance_sheet VALUES ('Ba54', '300625.SZ', 33.88639656, 23.14566162, 4.001562196, 6.010957329, 11.87306315, 0.825639196, 11.04742396, 22.01333341);
INSERT INTO Balance_sheet VALUES ('Ba55', '300824.SZ', 9.694824555, 8.406347711, 1.068963919, 0.515034287, 2.269436154, 0.269809398, 1.999626756, 7.425388401);
INSERT INTO Balance_sheet VALUES ('Ba56', '300894.SZ', 33.34566546, 21.94321002, 2.326879093, 6.432408678, 16.86448905, 5.48747583, 11.37701322, 16.49490763);
INSERT INTO Balance_sheet VALUES ('Ba57', '300911.SZ', 23.75458815, 16.88679092, 0.882279857, 5.453705322, 8.433988316, 4.79561797, 3.638370346, 15.32059983);
INSERT INTO Balance_sheet VALUES ('Ba58', '301008.SZ', 20.21485108, 15.84513565, 1.499361081, 2.594603419, 8.845618064, 3.497375635, 5.348242428, 11.33923921);
INSERT INTO Balance_sheet VALUES ('Ba59', '301135.SZ', 18.32378572, 13.28655386, 1.339267548, 3.011006029, 5.375051415, 1.102041575, 4.27300984, 12.94442284);
INSERT INTO Balance_sheet VALUES ('Ba60', '301187.SZ', 23.21420185, 16.45768191, 1.398892862, 2.84509039, 8.278382214, 1.105440598, 7.172941616, 14.93581964);
INSERT INTO Balance_sheet VALUES ('Ba61', '301252.SZ', 16.90061127, 13.53269128, 1.149751873, 1.864214842, 5.396814424, 0.053636396, 5.343178028, 11.4994003);
INSERT INTO Balance_sheet VALUES ('Ba62', '301280.SZ', 22.72269916, 20.19852364, 2.069188616, 1.840824923, 4.953426457, 0.183806836, 4.769619621, 17.35742374);
INSERT INTO Balance_sheet VALUES ('Ba63', '301332.SZ', 43.1988722, 29.5363345, 4.961395409, 3.341877405, 15.29912628, 0.636006412, 14.66311986, 27.91056983);
INSERT INTO Balance_sheet VALUES ('Ba64', '301362.SZ', 30.57161204, 22.39414995, 2.340047379, 2.206091175, 4.944628016, 0.688548078, 4.256079938, 25.68032174);
INSERT INTO Balance_sheet VALUES ('Ba65', '301578.SZ', 13.43974774, 9.664949854, 0.521983335, 0.574960368, 4.258240453, 1.055195008, 3.203045445, 9.181507289);
INSERT INTO Balance_sheet VALUES ('Ba66', '430718.BJ', 8.303126126, 5.69713888, 1.168199447, 1.618308472, 3.264263283, 0.222529415, 3.041733867, 5.028911197);
INSERT INTO Balance_sheet VALUES ('Ba67', '600060.SH', 451.0659442, 354.5598404, 58.31227294, 44.64226914, 198.7433827, 14.92616567, 183.8172171, 188.9467897);
INSERT INTO Balance_sheet VALUES ('Ba68', '600261.SH', 53.83665775, 38.49843566, 5.11474892, 9.93244795, 17.44945664, 2.603591737, 14.8458649, 36.09543334);
INSERT INTO Balance_sheet VALUES ('Ba69', '600336.SH', 79.21570809, 51.11363564, 13.11056297, 11.10204645, 52.00393075, 2.154242493, 49.84968826, 24.99593752);
INSERT INTO Balance_sheet VALUES ('Ba70', '600619.SH', 212.7452508, 137.6016108, 37.44428233, 41.29538948, 134.5538627, 32.03239848, 102.5214642, 60.9701062);
INSERT INTO Balance_sheet VALUES ('Ba71', '600690.SH', 2533.7986, 1326.204841, 395.2400662, 296.0393682, 1474.681166, 274.8761516, 1199.805015, 1035.141535);
INSERT INTO Balance_sheet VALUES ('Ba72', '600839.SH', 944.002502, 705.7658498, 195.4711887, 72.32280373, 703.3985861, 51.85632208, 651.542264, 141.2776973);
INSERT INTO Balance_sheet VALUES ('Ba73', '600983.SH', 52.47443326, 35.19381522, 4.861392351, 11.29859263, 27.16836833, 0.966922055, 26.20144627, 25.30606494);
INSERT INTO Balance_sheet VALUES ('Ba74', '601956.SH', 67.72217044, 46.54167783, 8.118243096, 16.9884777, 42.61491644, 3.354666997, 39.26024944, 24.81439898);
INSERT INTO Balance_sheet VALUES ('Ba75', '603075.SH', 27.62477421, 16.42442524, 2.065473296, 7.488061651, 7.634810782, 0.138292592, 7.49651819, 19.9327321);
INSERT INTO Balance_sheet VALUES ('Ba76', '603112.SH', 52.91549873, 34.12893973, 6.398231474, 15.971191, 24.38285731, 15.18561868, 9.197238633, 27.51898581);
INSERT INTO Balance_sheet VALUES ('Ba77', '603215.SH', 16.60161167, 10.67694445, 1.696218486, 2.647159099, 5.441350621, 0.129797276, 5.311553345, 11.15603851);
INSERT INTO Balance_sheet VALUES ('Ba78', '603219.SH', 26.92600103, 19.57747262, 2.911007752, 4.704293314, 10.64555545, 0.326618912, 10.31893654, 15.98540306);
INSERT INTO Balance_sheet VALUES ('Ba79', '603303.SH', 55.95676579, 43.67193404, 5.26962911, 7.626715938, 20.47806637, 0.335758435, 20.14230793, 34.86367371);
INSERT INTO Balance_sheet VALUES ('Ba80', '603311.SH', 16.08609997, 10.24343894, 1.427408439, 3.20130228, 3.553696874, 0.127569552, 3.426127323, 12.53240309);
INSERT INTO Balance_sheet VALUES ('Ba81', '603355.SH', 125.6236044, 95.56535053, 13.02439467, 17.07087562, 81.74273061, 14.02120492, 67.7215257, 43.74405872);
INSERT INTO Balance_sheet VALUES ('Ba82', '603366.SH', 70.71741335, 29.28733186, 8.946771056, 11.08785839, 30.31403252, 1.471155444, 28.84287707, 39.85644297);
INSERT INTO Balance_sheet VALUES ('Ba83', '603486.SH', 133.8727045, 104.0119405, 28.48259723, 10.25788649, 68.39489128, 12.75497908, 55.6399122, 65.47319062);
INSERT INTO Balance_sheet VALUES ('Ba84', '603515.SH', 98.77441745, 71.29455015, 5.726963558, 13.63035019, 32.14792578, 0.768583467, 31.37934231, 66.48896824);
INSERT INTO Balance_sheet VALUES ('Ba85', '603519.SH', 19.47866532, 16.55103083, 0.799438191, 0.728625632, 4.87804845, 0.013283151, 4.8647653, 14.60061687);
INSERT INTO Balance_sheet VALUES ('Ba86', '603551.SH', 24.89639454, 16.43788597, 1.795579714, 4.883645609, 8.322069464, 0.558197168, 7.763872297, 16.04582936);
INSERT INTO Balance_sheet VALUES ('Ba87', '603578.SH', 26.86304463, 11.28403074, 1.106139168, 2.369766717, 15.65916669, 7.763705024, 7.895461668, 10.82270655);
INSERT INTO Balance_sheet VALUES ('Ba88', '603579.SH', 33.8489867, 22.27668652, 1.448266857, 5.055662181, 14.11896901, 7.452936667, 6.666032344, 19.68889003);
INSERT INTO Balance_sheet VALUES ('Ba89', '603657.SH', 19.57797878, 13.84458142, 2.670980792, 4.366667107, 10.00561112, 0.238979154, 9.766631966, 9.57236766);
INSERT INTO Balance_sheet VALUES ('Ba90', '603677.SH', 21.4459763, 14.44682201, 3.937025644, 5.579425129, 9.874713624, 0.359940246, 9.514773378, 11.57126268);
INSERT INTO Balance_sheet VALUES ('Ba91', '603726.SH', 22.44787978, 12.2639884, 3.247394635, 4.648367983, 10.28473926, 1.952173772, 8.332565489, 12.12116136);
INSERT INTO Balance_sheet VALUES ('Ba92', '603868.SH', 44.59200718, 27.23715535, 4.729103802, 10.64243235, 8.828549772, 1.117221844, 7.711327927, 35.76345741);
INSERT INTO Balance_sheet VALUES ('Ba93', '605336.SH', 23.18381176, 17.68073478, 1.05678047, 4.342092037, 3.432112958, 0.149768417, 3.28234454, 19.7516988);
INSERT INTO Balance_sheet VALUES ('Ba94', '605365.SH', 60.11143692, 38.12989997, 7.849665214, 9.72325089, 24.88970667, 3.357886561, 21.53182011, 35.22173025);
INSERT INTO Balance_sheet VALUES ('Ba95', '605555.SH', 42.72760377, 29.83761423, 3.757381055, 8.055313591, 15.41049439, 1.108031576, 14.30246282, 27.31710938);
INSERT INTO Balance_sheet VALUES ('Ba96', '688169.SH', 143.7664161, 88.96867854, 9.28189371, 12.85737061, 29.95138697, 1.16074079, 28.79064618, 113.8052612);
INSERT INTO Balance_sheet VALUES ('Ba97', '688609.SH', 29.91305254, 19.52881716, 5.807397099, 6.098893937, 19.7277598, 3.946232399, 15.7815274, 10.24822703);
INSERT INTO Balance_sheet VALUES ('Ba98', '688696.SH', 55.8221647, 41.62918686, 10.98070426, 10.87097089, 24.62209299, 11.46149068, 13.1606023, 31.16559454);
INSERT INTO Balance_sheet VALUES ('Ba99', '688793.SH', 7.485864514, 5.902978006, 1.274646732, 0.240433411, 3.437138492, 0.309149238, 3.127989254, 4.046510455);
INSERT INTO Balance_sheet VALUES ('Ba100', '831641.BJ', 6.232544917, 5.185724237, 1.236434907, 0.650602789, 2.389848364, 0.108138525, 2.281709839, 3.71483766);
INSERT INTO Balance_sheet VALUES ('Ba101', '831768.BJ', 12.23451673, 8.230714857, 3.155705554, 2.891378819, 5.667406779, 0.563071482, 5.104335297, 6.567109955);
INSERT INTO Balance_sheet VALUES ('Ba102', '836699.BJ', 4.306085749, 3.744446701, 0.448665755, 0.321772004, 1.742878733, 0.048316181, 1.694562552, 2.563207016);
INSERT INTO Balance_sheet VALUES ('Ba103', '870199.BJ', 6.594319509, 4.687272477, 0.641689444, 0.31257959, 1.436718242, 0.226592965, 1.210125277, 5.13779362);
INSERT INTO Balance_sheet VALUES ('Ba104', '870726.BJ', 3.45095472, 3.011807545, 0.292734485, 0.307648744, 0.97471228, 0.004773561, 0.969938719, 2.454897977);
INSERT INTO Balance_sheet VALUES ('Ba105', '873339.BJ', 7.686951187, 5.573809708, 1.047863637, 1.718081041, 2.033557266, 0.024301584, 2.009255682, 5.653393921);
INSERT INTO Balance_sheet VALUES ('Ba106', '900910.SH', 212.7452508, 137.6016108, 37.44428233, 41.29538948, 134.5538627, 32.03239848, 102.52146, 8.8548);
INSERT INTO Financial_analysis VALUES ('FA1', 'BA1', -0.8986, -32.58, -14.7674, 0.8769, 0.7007, 5.300508304, 80.42, 4.4765, 0.4835, -39.7142, -48.98577578);
INSERT INTO Financial_analysis VALUES ('FA2', 'BA2', 4.93, 22.23, 9.0298, 1.1197, 0.9313, 1.913929174, 67.0878, 5.3661, 0.8226, 8.0996, 13.20057198);
INSERT INTO Financial_analysis VALUES ('FA3', 'BA3', 0.5203, 9.77, 4.1222, 1.3114, 1.0999, 2.277415843, 51.815, 6.9478, 0.9736, -1.5767, 27.26378915);
INSERT INTO Financial_analysis VALUES ('FA4', 'BA4', 0.7195, 13.49, 3.1888, 1.1418, 0.9843, 2.26576175, 32.347, 11.1293, 1.3625, 19.9476, 179.0353426);
INSERT INTO Financial_analysis VALUES ('FA5', 'BA5', 0.2128, 5.51, 4.2471, 1.4347, 1.1379, 1.139624151, 98.2024, 3.6659, 0.5622, 3.3942, 9.685079992);
INSERT INTO Financial_analysis VALUES ('FA6', 'BA6', 5.22, 26.53, 13.5203, 1.1351, 0.973, 2.118330998, 92.4998, 3.8919, 0.5671, 7.8188, 20.45807706);
INSERT INTO Financial_analysis VALUES ('FA7', 'BA7', 0.1959, 6.88, 6.4278, 1.5686, 1.3708, 1.171056474, 89.8495, 4.0067, 0.6088, -1.3606, 2.014861101);
INSERT INTO Financial_analysis VALUES ('FA8', 'BA8', 0.5274, 9.73, 5.5628, 1.9141, 1.5344, 0.797451985, 73.3048, 4.911, 0.955, -11.5012, -26.63806445);
INSERT INTO Financial_analysis VALUES ('FA9', 'BA9', 2.08, 22.64, 5.5975, 1.0249, 0.8711, 3.427823146, 36.0837, 9.9768, 1.4111, 15.4962, 56.10463868);
INSERT INTO Financial_analysis VALUES ('FA10', 'BA10', 0.2868, 2.81, 4.8583, 9.1625, 7.7183, 0.111479185, 157.7425, 2.2822, 0.4938, -34.6924, -59.47887387);
INSERT INTO Financial_analysis VALUES ('FA11', 'BA11', 0.57, 6.43, 9.3693, 3.0492, 2.7262, 0.229390128, 49.9438, 7.2081, 0.5433, 0.0104, -15.2645403);
INSERT INTO Financial_analysis VALUES ('FA12', 'BA12', 2.72, 29.09, 11.0922, 2.5429, 2.2139, 0.559446238, 63.7382, 5.6481, 0.9987, 26.7007, 14.13990534);
INSERT INTO Financial_analysis VALUES ('FA13', 'BA13', 1.38, 22.06, 6.1093, 1.2158, 1.0577, 1.366088356, 25.2536, 14.2554, 1.4468, 22.386, 40.19659115);
INSERT INTO Financial_analysis VALUES ('FA14', 'BA14', -0.1305, -30.77, -28.8232, 0.5183, 0.4468, 3.370453614, 51.9413, 6.9309, 0.3488, -33.5977, 38.99248316);
INSERT INTO Financial_analysis VALUES ('FA15', 'BA15', 0.7, 18.3, 6.435, 1.5974, 1.3648, 1.448121224, 60.4798, 5.9524, 1.2021, 11.4955, -11.85055294);
INSERT INTO Financial_analysis VALUES ('FA16', 'BA16', 2.719, 34.62, 10.2301, 1.5383, 1.1915, 1.05981365, 54.5455, 6.6, 1.635, 5.6192, 5.480848364);
INSERT INTO Financial_analysis VALUES ('FA17', 'BA17', 0.5275, 12.9, 7.1986, 1.447, 1.2167, 0.962860728, 79.3651, 4.536, 0.8969, 7.1164, 194.5040663);
INSERT INTO Financial_analysis VALUES ('FA18', 'BA18', 0.81, 19.18, 11.9462, 1.6983, 1.309, 0.772692802, 90.8288, 3.9635, 0.8206, 15.038, 12.48683546);
INSERT INTO Financial_analysis VALUES ('FA19', 'BA19', -0.1, -160.92, -35.3353, 0.5887, 0.4461, 46.7111954, 61.3257, 5.8703, 0.5657, -7.9299, -74.11094986);
INSERT INTO Financial_analysis VALUES ('FA20', 'BA20', -0.01, -4.11, -8.2575, 1.252, 0.6994, 0.84906764, 444.8838, 0.8092, 0.2372, -3.4076, -164.1897828);
INSERT INTO Financial_analysis VALUES ('FA21', 'BA21', 0.52, 11.54, 4.0628, 1.3837, 1.2463, 1.188539456, 31.2848, 11.5072, 1.309, -5.5411, -25.31304259);
INSERT INTO Financial_analysis VALUES ('FA22', 'BA22', 0.33, 12.59, 3.5367, 1.6486, 1.1652, 1.500930115, 65.4581, 5.4997, 1.4206, 9.7083, 25.53656188);
INSERT INTO Financial_analysis VALUES ('FA23', 'BA23', 0.3562, 7.53, 4.6339, 1.3842, 0.9127, 1.030291627, 125.4661, 2.8693, 0.8136, 25.8478, -31.35479162);
INSERT INTO Financial_analysis VALUES ('FA24', 'BA24', -1.11, -20.29, -16.57, 0.8149, 0.4732, 1.832106205, 159.1442, 2.2621, 0.4959, -16.4186, -315.0409496);
INSERT INTO Financial_analysis VALUES ('FA25', 'BA25', 0.0192, 1.44, 0.9289, 1.5409, 1.3228, 0.742315423, 85.6918, 4.2011, 0.7882, -27.0914, 22.47137977);
INSERT INTO Financial_analysis VALUES ('FA26', 'BA26', -0.53, -36.76, -9.271, 0.8539, 0.722, 3.768337713, 44.7516, 8.0444, 1.0335, -16.5873, -522.0276471);
INSERT INTO Financial_analysis VALUES ('FA27', 'BA27', 0.35, 11.18, 9.608, 2.0137, 1.6654, 0.776708229, 63.4372, 5.6749, 0.6561, 14.2307, 41.31821723);
INSERT INTO Financial_analysis VALUES ('FA28', 'BA28', 1.83, 16.78, 15.3069, 1.9397, 1.6846, 0.584336318, 102.0669, 3.5271, 0.7041, 9.058, 10.03339208);
INSERT INTO Financial_analysis VALUES ('FA29', 'BA29', 0.7644, 12.77, 9.3095, 1.4013, 1.185, 0.849699177, 75.0829, 4.7947, 0.7985, -7.9064, 3.402199877);
INSERT INTO Financial_analysis VALUES ('FA30', 'BA30', 0.17, 2.24, 2.274, 1.794, 1.4259, 0.745891118, 122.7831, 2.932, 0.6015, -16.4977, 2.861523406);
INSERT INTO Financial_analysis VALUES ('FA31', 'BA31', -0.04, -2.29, -17.954, 6.9872, 6.2561, 0.108351151, 252.3836, 1.4264, 0.1137, -41.9787, -236.0846463);
INSERT INTO Financial_analysis VALUES ('FA32', 'BA32', 0.73, 57.73, 10.1302, 0.9828, 0.8265, 7.209072046, 38.0566, 9.4596, 1.5842, 30.1495, 60.32508146);
INSERT INTO Financial_analysis VALUES ('FA33', 'BA33', 0.0489, 3.03, 1.5561, 1.5367, 1.1589, 1.150833963, 84.179, 4.2766, 0.9355, 7.9317, -11.93513367);
INSERT INTO Financial_analysis VALUES ('FA34', 'BA34', 0.72, 23.64, 27.7589, 4.9304, 4.6955, 0.149925192, 38.0196, 9.4688, 0.7251, -8.7982, 2.683985135);
INSERT INTO Financial_analysis VALUES ('FA35', 'BA35', 1.1876, 13.33, 7.1457, 1.2056, 0.9215, 0.882892198, 55.9684, 6.4322, 1.0732, 6.9392, 1.622327025);
INSERT INTO Financial_analysis VALUES ('FA36', 'BA36', -0.0217, -0.56, -0.5452, 1.1516, 0.9618, 1.282062719, 222.5932, 1.6173, 0.5801, -6.9742, -206.8505007);
INSERT INTO Financial_analysis VALUES ('FA37', 'BA37', 0.0563, 1.53, 0.6337, 3.4084, 3.2462, 0.281800214, 309.2252, 1.1642, 0.4372, -1.9379, -92.41073107);
INSERT INTO Financial_analysis VALUES ('FA38', 'BA38', -0.4913, -45.62, -28.3844, 0.8907, 0.7282, 2.13288186, 122.7287, 2.9333, 0.5722, -22.4773, -1280.207511);
INSERT INTO Financial_analysis VALUES ('FA39', 'BA39', 0.66, 13.34, 7.3962, 2.0739, 1.8031, 0.987918853, 53.245, 6.7612, 0.9788, 47.681, 72.65193336);
INSERT INTO Financial_analysis VALUES ('FA40', 'BA40', 2.8461, 17.53, 9.4507, 1.796, 1.5088, 0.96835546, 76.5762, 4.7012, 0.9186, 14.4301, 15.35437522);
INSERT INTO Financial_analysis VALUES ('FA41', 'BA41', 0.99, 7.22, 8.2034, 2.8218, 2.0607, 0.396930234, 228.9348, 1.5725, 0.6348, 9.9563, 11.2803449);
INSERT INTO Financial_analysis VALUES ('FA42', 'BA42', 1.87, 14.04, 16.9692, 3.1014, 2.7918, 0.393228015, 81.072, 4.4405, 0.612, 17.6239, 21.92055667);
INSERT INTO Financial_analysis VALUES ('FA43', 'BA43', -0.8986, -32.58, -14.7674, 0.8769, 0.7007, 5.300508304, 80.42, 4.4765, 0.4835, -39.7142, -48.98577578);
INSERT INTO Financial_analysis VALUES ('FA44', 'BA44', 0.7195, 13.49, 3.1888, 1.1418, 0.9843, 2.26576175, 32.347, 11.1293, 1.3625, 19.9476, 179.0353426);
INSERT INTO Financial_analysis VALUES ('FA45', 'BA45', 0.2128, 5.51, 4.2471, 1.4347, 1.1379, 1.139624151, 98.2024, 3.6659, 0.5622, 3.3942, 9.685079992);
INSERT INTO Financial_analysis VALUES ('FA46', 'BA46', 0.27, 8.99, 14.4248, 4.2343, 3.8849, 0.24252205, 67.7328, 5.315, 0.5008, -4.616, 12.47151672);
INSERT INTO Financial_analysis VALUES ('FA47', 'BA47', 0.43, 17.86, 15.7226, 1.734, 1.1248, 0.858763844, 220.4532, 1.633, 0.5661, 7.5233, 112.7787392);
INSERT INTO Financial_analysis VALUES ('FA48', 'BA48', 0.03, 2.65, 7.9175, 6.5757, 5.4188, 0.146385805, 167.3485, 2.1512, 0.4397, 14.2728, -68.55997557);
INSERT INTO Financial_analysis VALUES ('FA49', 'BA49', 0.24, 11.42, 9.1809, 1.2175, 1.003, 1.252789704, 98.4144, 3.658, 0.6294, 0.6658, 54.97488896);
INSERT INTO Financial_analysis VALUES ('FA50', 'BA50', 0.0931, 5.12, 2.1874, 1.2166, 0.8399, 1.49361935, 112.2195, 3.208, 0.8465, 2.5313, 113.9966424);
INSERT INTO Financial_analysis VALUES ('FA51', 'BA51', 0.0771, 2.18, 3.2336, 2.3376, 1.6627, 0.412247414, 217.9969, 1.6514, 0.4817, 24.0738, 291.6291249);
INSERT INTO Financial_analysis VALUES ('FA52', 'BA52', 0.4046, 12.45, 22.2317, 2.2193, 1.6162, 0.211028933, 125.0347, 2.8792, 0.4728, 3.2004, 20.49448647);
INSERT INTO Financial_analysis VALUES ('FA53', 'BA53', 0.15, 3.64, 2.8278, 2.3505, 1.8768, 0.864627887, 104.7303, 3.4374, 0.6448, -23.3747, -47.48712746);
INSERT INTO Financial_analysis VALUES ('FA54', 'BA54', 0.73, 9.46, 8.7115, 2.0951, 1.7329, 0.539357803, 99.5327, 3.6169, 0.7056, 3.8827, 115.1489331);
INSERT INTO Financial_analysis VALUES ('FA55', 'BA55', 0.2187, 9.82, 10.7258, 4.204, 3.6694, 0.305631979, 130.213, 2.7647, 0.6624, -17.3297, 51.92035103);
INSERT INTO Financial_analysis VALUES ('FA56', 'BA56', 0.61, 15.2, 11.4879, 1.9287, 1.7242, 1.022405789, 81.2146, 4.4327, 0.6548, -6.0291, -21.35063756);
INSERT INTO Financial_analysis VALUES ('FA57', 'BA57', 1.68, 12.8, 14.5869, 4.6413, 4.3988, 0.550499876, 53.1514, 6.7731, 0.5828, -3.801, -14.63916255);
INSERT INTO Financial_analysis VALUES ('FA58', 'BA58', 1.07, 8.04, 9.7287, 2.9627, 2.6823, 0.780089202, 70.2741, 5.1228, 0.5018, 7.0315, 28.17980456);
INSERT INTO Financial_analysis VALUES ('FA59', 'BA59', 0.4, 3.17, 3.816, 3.1094, 2.796, 0.415240716, 56.5451, 6.3666, 0.58, 3.3719, -7.526994103);
INSERT INTO Financial_analysis VALUES ('FA60', 'BA60', 0.96, 11.87, 14.3789, 2.2944, 2.0994, 0.55426367, 72.5938, 4.9591, 0.5581, -5.2685, 8.42837795);
INSERT INTO Financial_analysis VALUES ('FA61', 'BA61', 1.67, 13.96, 12.1841, 2.5327, 2.3175, 0.469312684, 49.2005, 7.317, 0.7513, 21.1586, 42.96264518);
INSERT INTO Financial_analysis VALUES ('FA62', 'BA62', 1.5, 8.73, 13.2155, 4.2348, 3.801, 0.285377976, 74.0969, 4.8585, 0.5593, 16.5556, 32.12087592);
INSERT INTO Financial_analysis VALUES ('FA63', 'BA63', 0.26, 4.9, 3.2782, 2.0143, 1.676, 0.548148116, 81.9728, 4.3917, 0.8537, -4.6382, -44.41110659);
INSERT INTO Financial_analysis VALUES ('FA64', 'BA64', 2.57, 13.06, 14.928, 5.2617, 4.7119, 0.192545408, 78.6198, 4.579, 0.6596, 4.3423, -6.690414894);
INSERT INTO Financial_analysis VALUES ('FA65', 'BA65', 2.52, 25.95, 12.5837, 3.0174, 2.8545, 0.463784466, 33.0115, 10.9053, 0.7632, -3.3078, 2.229704136);
INSERT INTO Financial_analysis VALUES ('FA66', 'BA66', 0.69, 12.94, 5.9526, 1.873, 1.4889, 0.649099408, 47.5116, 7.5771, 1.2131, 14.1901, 38.66919614);
INSERT INTO Financial_analysis VALUES ('FA67', 'BA67', 1.622, 11.41, 4.7557, 1.9289, 1.6116, 1.051848423, 40.5136, 8.8859, 1.326, 17.2229, 18.51994195);
INSERT INTO Financial_analysis VALUES ('FA68', 'BA68', 0.16, 5.99, 7.1244, 2.5932, 2.2487, 0.483425603, 104.0132, 3.4611, 0.5616, -17.5757, 23.56197277);
INSERT INTO Financial_analysis VALUES ('FA69', 'BA69', 0.07, 2.26, 0.709, 1.0254, 0.7624, 2.080495309, 59.3423, 6.0665, 1.1992, -2.7489, -58.87810254);
INSERT INTO Financial_analysis VALUES ('FA70', 'BA70', 0.03, 0.5, -0.4344, 1.3422, 0.9769, 2.206882538, 82.1711, 4.3811, 0.821, 3.1989, 2.093188046);
INSERT INTO Financial_analysis VALUES ('FA71', 'BA71', 1.79, 16.85, 6.4003, 1.1054, 0.7759, 1.424617906, 82.0681, 4.3866, 1.0687, 7.3278, 13.56624203);
INSERT INTO Financial_analysis VALUES ('FA72', 'BA72', 0.149, 5.1265, 1.8451, 1.0832, 0.7832, 4.978836714, 80.7066, 4.4606, 1.0832, 5.3785, 58.5134774);
INSERT INTO Financial_analysis VALUES ('FA73', 'BA73', 0.11, 2.76, 2.0265, 1.3432, 1.1577, 1.073591188, 48.564, 7.4129, 0.7331, -6.1044, 190.3554291);
INSERT INTO Financial_analysis VALUES ('FA74', 'BA74', 0.3063, 7.82, 3.1859, 1.1855, 0.9787, 1.717346306, 53.0426, 6.787, 0.9045, 10.4545, 24.03297319);
INSERT INTO Financial_analysis VALUES ('FA75', 'BA75', 0.68, 19.43, 14.8448, 2.1909, 1.9154, 0.383028816, 69.8202, 5.1561, 0.6899, -0.6465, 3.241228076);
INSERT INTO Financial_analysis VALUES ('FA76', 'BA76', 0.9, 15.12, 11.166, 3.7108, 3.0151, 0.886037643, 92.3456, 3.8984, 0.6281, 1.1696, 82.57480928);
INSERT INTO Financial_analysis VALUES ('FA77', 'BA77', 1.08, 19.27, 12.9209, 2.0101, 1.6908, 0.487749358, 50.6693, 7.1049, 0.9811, 4.0228, 13.18477998);
INSERT INTO Financial_analysis VALUES ('FA78', 'BA78', 0.47, 17.2, 9.8788, 1.8972, 1.6151, 0.665954772, 52.5333, 6.8528, 1.0765, -1.874, -23.7136275);
INSERT INTO Financial_analysis VALUES ('FA79', 'BA79', 0.7875, 11.1566, 8.0477, 2.1682, 1.9065, 0.58737546, 61.4544, 5.858, 0.8844, 0.8609, 11.06780619);
INSERT INTO Financial_analysis VALUES ('FA80', 'BA80', 0.21, 3.94, 6.7842, 2.9898, 2.5732, 0.28356069, 104.5539, 3.4432, 0.4484, -8.1258, -34.937446);
INSERT INTO Financial_analysis VALUES ('FA81', 'BA81', 1.95, 25.6, 12.7267, 1.4112, 1.2188, 1.868659036, 66.8549, 5.3848, 0.7606, -11.5213, 8.33356521);
INSERT INTO Financial_analysis VALUES ('FA82', 'BA82', 0.2443, 5.39, 4.124, 1.0154, 0.7052, 0.76058048, 85.645, 4.2034, 0.714, 24.2376, -22.56453749);
INSERT INTO Financial_analysis VALUES ('FA83', 'BA83', 1.08, 9.51, 3.9437, 1.8694, 1.3575, 1.044624382, 127.2714, 2.8286, 1.1613, 1.157, -64.04682027);
INSERT INTO Financial_analysis VALUES ('FA84', 'BA84', 1.25, 14.56, 11.9336, 2.272, 2.0895, 0.483507665, 44.2892, 8.1284, 0.8394, 7.2216, 18.39541541);
INSERT INTO Financial_analysis VALUES ('FA85', 'BA85', 2.403, 44.8, 41.9768, 3.4022, 3.2379, 0.334098791, 20.71, 17.3829, 0.8043, 7.6121, 13.32842776);
INSERT INTO Financial_analysis VALUES ('FA86', 'BA86', 0.8, 20.25, 15.647, 2.1172, 1.886, 0.518643772, 70.943, 5.0745, 0.8159, 6.1725, 27.69751539);
INSERT INTO Financial_analysis VALUES ('FA87', 'BA87', 0.66, 11.6, 12.0557, 1.4292, 1.2891, 1.446880835, 62.8832, 5.7249, 0.4582, 16.9621, 7.96238784);
INSERT INTO Financial_analysis VALUES ('FA88', 'BA88', 1.51, 10.5, 10.9611, 3.3418, 3.1246, 0.717103351, 49.1018, 7.3317, 0.5449, -7.4716, 23.44105896);
INSERT INTO Financial_analysis VALUES ('FA89', 'BA89', 0.18, 2.43, 1.4863, 1.4175, 1.1441, 1.045259802, 63.9636, 5.6282, 0.8805, -5.2792, -75.9276376);
INSERT INTO Financial_analysis VALUES ('FA90', 'BA90', 0.3599, 6.11, 3.9026, 1.5184, 1.1046, 0.853382547, 95.4857, 3.7702, 0.8532, -1.7824, 8.029318572);
INSERT INTO Financial_analysis VALUES ('FA91', 'BA91', 0.59, 9.27, 6.5615, 1.4718, 1.0821, 0.848494542, 91.5239, 3.9334, 0.7433, -3.2277, 20.13249451);
INSERT INTO Financial_analysis VALUES ('FA92', 'BA92', 2.34, 29.73, 20.1522, 3.5321, 2.9188, 0.246859516, 93.3199, 3.8577, 1.1492, 9.3481, 23.9631227);
INSERT INTO Financial_analysis VALUES ('FA93', 'BA93', 1.03, 9.73, 22.8352, 5.3866, 5.0647, 0.173762925, 91.3659, 3.9402, 0.3612, -12.2348, -11.51470031);
INSERT INTO Financial_analysis VALUES ('FA94', 'BA94', 0.623, 9.22, 4.6938, 1.7709, 1.4063, 0.706657694, 67.0341, 5.3704, 1.1406, -11.5939, -36.53280122);
INSERT INTO Financial_analysis VALUES ('FA95', 'BA95', 0.87, 12.28, 11.6096, 2.0862, 1.8235, 0.564133422, 50.5171, 7.1263, 0.69, 43.1932, 7.915633891);
INSERT INTO Financial_analysis VALUES ('FA96', 'BA96', 15.66, 19.56, 23.703, 3.0902, 2.7678, 0.26318104, 75.1911, 4.7878, 0.6865, 30.5499, 73.3216063);
INSERT INTO Financial_analysis VALUES ('FA97', 'BA97', -0.4038, -17.5, -9.4538, 1.2374, 0.8695, 1.924992464, 108.5482, 3.3165, 0.7472, -9.6523, -457.4292464);
INSERT INTO Financial_analysis VALUES ('FA98', 'BA98', 1.72, 3.86, 3.3686, 3.1632, 2.3288, 0.790040856, 168.028, 2.1425, 0.6545, -15.768, -76.09091264);
INSERT INTO Financial_analysis VALUES ('FA99', 'BA99', -0.6, -11.75, -3.941, 1.8871, 1.4797, 0.849408034, 92.968, 3.8723, 1.6474, 42.299, 59.49852368);
INSERT INTO Financial_analysis VALUES ('FA100', 'BA100', 0.29, 5.9, 4.4626, 2.2727, 1.7308, 0.643325115, 119.9201, 3.002, 0.8113, -24.1133, -65.48252464);
INSERT INTO Financial_analysis VALUES ('FA101', 'BA101', -0.36, -5.83, -3.4824, 1.6125, 0.9943, 0.862998612, 92.6259, 3.8866, 0.9026, 12.1967, -404.1195184);
INSERT INTO Financial_analysis VALUES ('FA102', 'BA102', 0.95, 19.94, 13.5633, 2.2097, 1.9449, 0.679960191, 73.0016, 4.9314, 0.8451, 9.7434, 30.25793021);
INSERT INTO Financial_analysis VALUES ('FA103', 'BA103', 0.6444, 8.49, 13.1532, 3.8734, 3.3431, 0.279637204, 123.4737, 2.9156, 0.5253, -14.6202, -37.28386584);
INSERT INTO Financial_analysis VALUES ('FA104', 'BA104', 1.05, 20.79, 8.7269, 3.1052, 2.8033, 0.397047979, 30.7207, 11.7185, 1.4961, -5.4678, 5.926984247);
INSERT INTO Financial_analysis VALUES ('FA105', 'BA105', 0.33, 13.03, 12.9308, 2.7741, 2.2525, 0.359705567, 77.3478, 4.6543, 0.759, -12.9054, -44.43059924);
INSERT INTO Financial_analysis VALUES ('FA106', 'BA106', 0.03, 0.5, -0.4344, 1.3422, 0.9769, 2.206882538, 82.1711, 4.3811, 0.821, 3.1989, 2.093188046);
INSERT INTO Income_statement VALUES ('IN1', 'Ba1', 178.4933143, 212.8438339, -25.86912293, -27.17335076, -0.814484146, -26.35886661, -21.6296843, 11.45124849, 8.075279102, 4.979937599, 5.620161102);
INSERT INTO Income_statement VALUES ('IN2', 'Ba2', 3737.09804, 3356.50946, 403.17441, 402.77163, 65.31811, 337.45352, 334.47444, 348.80875, 134.76908, 145.83311, -32.61656);
INSERT INTO Income_statement VALUES ('IN3', 'Ba3', 128.8901239, 124.0235762, 5.716131366, 5.798259316, 0.485118302, 5.313141014, 3.623393476, 2.098212791, 4.030148651, 4.769581247, -0.421882713);
INSERT INTO Income_statement VALUES ('IN4', 'Ba4', 242.4767897, 236.0920516, 8.024224346, 8.093502344, 0.361475903, 7.732026442, 7.412152091, 15.71486418, 3.611347945, 5.969204913, -1.187433965);
INSERT INTO Income_statement VALUES ('IN5', 'Ba5', 90.57292004, 87.73146704, 4.027976638, 4.057995665, 0.211269645, 3.84672602, 1.522436611, 3.310396046, 4.30544372, 4.835790938, -0.324987495);
INSERT INTO Income_statement VALUES ('IN6', 'Ba6', 2050.181238, 1740.91677, 328.6478036, 328.1570384, 50.96680925, 277.1902291, 276.6394987, 171.2963968, 65.42161038, 67.62136262, -35.26521852);
INSERT INTO Income_statement VALUES ('IN7', 'Ba7', 38.31743014, 37.0009627, 2.433355005, 2.438855391, -0.024111625, 2.462967016, 2.012222412, 0.890198007, 2.125727359, 3.560973316, 0.163508933);
INSERT INTO Income_statement VALUES ('IN8', 'Ba8', 106.2745136, 101.2341794, 6.176241396, 6.265819804, 0.353949975, 5.911869829, 6.047499575, 5.145994469, 1.780129118, 6.018442487, -1.353392883);
INSERT INTO Income_statement VALUES ('IN9', 'Ba9', 856.0018922, 816.9132255, 52.48016394, 56.84557421, 8.930674969, 47.91489924, 29.43053129, 93.11027188, 22.96063851, 27.79508194, -2.045864319);
INSERT INTO Income_statement VALUES ('IN10', 'Ba10', 4.289809302, 4.204648301, 0.213144831, 0.223261119, 0.014848802, 0.208412317, 0.211041699, 0.740282978, 0.257206213, 0.108532229, -0.106205886);
INSERT INTO Income_statement VALUES ('IN11', 'Ba11', 6.60235784, 5.962117744, 0.734934798, 0.70780518, 0.089212255, 0.618592926, 0.618592926, 0.066395298, 0.357889833, 0.258766042, 0.02752891);
INSERT INTO Income_statement VALUES ('IN12', 'Ba12', 13.81650164, 12.175425, 1.71582374, 1.713880341, 0.181329425, 1.532550915, 1.528298118, 0.520014445, 0.516422151, 0.745967116, -0.166740453);
INSERT INTO Income_statement VALUES ('IN13', 'Ba13', 23.58966311, 22.07710583, 1.561588328, 1.601810977, 0.16064932, 1.441161657, 1.421131464, 0.239868489, 0.486972058, 0.801738943, -0.042986997);
INSERT INTO Income_statement VALUES ('IN14', 'Ba14', 7.871625924, 11.08064232, -2.176641246, -2.451274038, -0.18241865, -2.268855388, -7.087309019, 0.373358394, 2.411396812, 0.188266509, 0.218806293);
INSERT INTO Income_statement VALUES ('IN15', 'Ba15', 113.8244789, 105.4681846, 9.692534127, 8.562785914, 1.238233889, 7.324552025, 7.638567702, 3.538326472, 3.401205195, 4.337073969, 0.332048609);
INSERT INTO Income_statement VALUES ('IN16', 'Ba16', 213.0394864, 189.1743138, 26.81323324, 26.84718455, 5.052980175, 21.79420437, 21.81076516, 22.97847426, 3.935979668, 4.312885363, -0.676299414);
INSERT INTO Income_statement VALUES ('IN17', 'Ba17', 62.3258042, 58.94829588, 4.814165023, 4.962892159, 0.476304331, 4.486587829, 4.471543205, 15.42146713, 2.828080227, 2.47570168, -0.104189491);
INSERT INTO Income_statement VALUES ('IN18', 'Ba18', 245.5780207, 211.1851227, 35.52955858, 35.53263493, 6.19548754, 29.33714739, 30.44293053, 6.63304325, 14.76334172, 10.96834224, -0.727513803);
INSERT INTO Income_statement VALUES ('IN19', 'Ba19', 2.346015295, 3.2092997, -0.777599505, -0.828971944, NULL, -0.828971944, -0.757107133, 0.118637134, 0.387091201, 0.163395069, 0.004641414);
INSERT INTO Income_statement VALUES ('IN20', 'Ba20', 1.508300446, 1.743210289, -0.167435188, -0.123798043, 0.00075026, -0.124548302, -0.131055535, 0.146954468, 0.440332854, 0.155083042, 0.009181479);
INSERT INTO Income_statement VALUES ('IN21', 'Ba21', 96.12788761, 93.37634408, 4.340459198, 4.309120741, 0.403632323, 3.905488418, 3.713559097, 14.26135795, 3.810269472, 3.889111626, -0.622445563);
INSERT INTO Income_statement VALUES ('IN22', 'Ba22', 23.40364839, 22.47643463, 0.975339549, 0.957100987, 0.129387009, 0.827713977, 0.827713977, 0.09826057, 0.480614311, 0.795465762, 0.089313065);
INSERT INTO Income_statement VALUES ('IN23', 'Ba23', 75.07419674, 71.79038848, 3.609877166, 3.572049095, 0.093188995, 3.4788601, 4.019897197, 1.743366628, 3.437815297, 5.053441308, 0.054795709);
INSERT INTO Income_statement VALUES ('IN24', 'Ba24', 24.57262624, 28.96114927, -3.721512764, -3.764850655, 0.306821847, -4.071672501, -3.786256966, 5.111028846, 2.16839074, 1.485906706, 0.564472227);
INSERT INTO Income_statement VALUES ('IN25', 'Ba25', 22.97150507, 22.86121909, 0.342690707, 0.256603931, 0.043230463, 0.213373469, 0.228889459, 0.246301452, 0.945056137, 0.182628395, 0.304102345);
INSERT INTO Income_statement VALUES ('IN26', 'Ba26', 22.61294313, 24.93271078, -2.076494066, -2.185087322, -0.088648045, -2.096439276, -2.12400594, 0.521433777, 1.442775567, 1.446332487, 0.143094961);
INSERT INTO Income_statement VALUES ('IN27', 'Ba27', 171.6702345, 157.0350434, 17.14451119, 17.098147, 0.604061185, 16.49408582, 15.32664424, 3.699263503, 2.185513971, 7.036364333, 0.642890672);
INSERT INTO Income_statement VALUES ('IN28', 'Ba28', 112.0189577, 94.69611077, 19.87948731, 19.86110044, 2.71452598, 17.14657446, 17.32789332, 30.02418652, 4.696220726, 3.87368592, -1.889277366);
INSERT INTO Income_statement VALUES ('IN29', 'Ba29', 61.03793023, 54.38476956, 6.505993065, 6.542693451, 0.860364483, 5.682328967, 5.77643903, 7.598704618, 2.008914838, 2.305191128, -0.176199149);
INSERT INTO Income_statement VALUES ('IN30', 'Ba30', 50.30460331, 49.70925101, 1.501318365, 1.535035846, 0.391131651, 1.143904195, 1.005713406, 10.57869578, 3.746623608, 2.18548067, -0.033554985);
INSERT INTO Income_statement VALUES ('IN31', 'Ba31', 3.290998351, 5.728843055, -0.622579023, -0.645529447, -0.054662858, -0.59086659, -0.555566926, 0.432059356, 0.731326383, 0.093109843, -0.158398457);
INSERT INTO Income_statement VALUES ('IN32', 'Ba32', 151.7964783, 134.3566775, 17.87053005, 17.78283809, 2.405617934, 15.37722016, 7.745935594, 6.174176136, 6.425249486, 5.42053043, -1.028656389);
INSERT INTO Income_statement VALUES ('IN33', 'Ba33', 22.66948127, 22.37382031, 0.41385161, 0.392865951, 0.040107674, 0.352758278, 0.372506602, 0.838994069, 1.716641311, 0.755600115, 0.214431198);
INSERT INTO Income_statement VALUES ('IN34', 'Ba34', 16.72575525, 11.91869617, 5.440626577, 5.439796378, 0.796904287, 4.64289209, 4.625842298, 1.767423539, 0.737587334, 0.575627432, -0.29954447);
INSERT INTO Income_statement VALUES ('IN35', 'Ba35', 146.4675268, 133.1607934, 13.11836021, 13.07289375, 2.606738268, 10.46615549, 9.794925219, 5.794890315, 8.604895826, 5.546904974, -0.850870663);
INSERT INTO Income_statement VALUES ('IN36', 'Ba36', 16.04039698, 16.22298252, -0.155437017, -0.122394315, -0.034941703, -0.087452613, -0.070121088, 0.375533805, 0.949377368, 0.497569271, 0.15979985);
INSERT INTO Income_statement VALUES ('IN37', 'Ba37', 17.0058141, 17.91806757, 0.106119548, 0.223092953, 0.115331707, 0.107761246, 0.435762615, 6.621821524, 1.65417337, 1.15189207, -0.029611537);
INSERT INTO Income_statement VALUES ('IN38', 'Ba38', 2.940401741, 3.837987213, -0.84999896, -0.834266736, 0.000348291, -0.834615027, -0.82272285, 0.178154706, 0.370989937, 0.192240473, 0.086893443);
INSERT INTO Income_statement VALUES ('IN39', 'Ba39', 28.78735029, 26.7340924, 2.399360197, 2.41463625, 0.285473715, 2.129162535, 2.024819978, 0.288340158, 0.956790619, 0.702329237, 0.007199114);
INSERT INTO Income_statement VALUES ('IN40', 'Ba40', 47.11887395, 42.75027751, 4.92357727, 5.146843643, 0.693793291, 4.453050352, 4.452731013, 8.83995474, 1.897228468, 1.427643628, 0.052905105);
INSERT INTO Income_statement VALUES ('IN41', 'Ba41', 12.93896893, 11.79408579, 1.223726249, 1.221138826, 0.159707678, 1.061431148, 1.036998268, 3.00829066, 1.020439792, 0.314564379, -0.174509305);
INSERT INTO Income_statement VALUES ('IN42', 'Ba42', 12.25771023, 10.10032189, 2.328500431, 2.3259454, 0.245907282, 2.080038118, 2.0880402, 0.228958443, 0.259544584, 0.789416263, -0.341046079);
INSERT INTO Income_statement VALUES ('IN43', 'Ba43', 178.4933143, 212.8438339, -25.86912293, -27.17335076, -0.814484146, -26.35886661, -21.6296843, 11.45124849, 8.075279102, 4.979937599, 5.620161102);
INSERT INTO Income_statement VALUES ('IN44', 'Ba44', 242.4767897, 236.0920516, 8.024224346, 8.093502344, 0.361475903, 7.732026442, 7.412152091, 15.71486418, 3.611347945, 5.969204913, -1.187433965);
INSERT INTO Income_statement VALUES ('IN45', 'Ba45', 90.57292004, 87.73146704, 4.027976638, 4.057995665, 0.211269645, 3.84672602, 1.522436611, 3.310396046, 4.30544372, 4.835790938, -0.324987495);
INSERT INTO Income_statement VALUES ('IN46', 'Ba46', 14.37492209, 12.35482806, 2.341833531, 2.334442392, 0.260890205, 2.073552187, 2.080310198, 0.451019333, 1.039555626, 0.561013425, -0.186939784);
INSERT INTO Income_statement VALUES ('IN47', 'Ba47', 41.06171684, 36.63023482, 7.955346102, 7.827429215, 1.371467063, 6.455962152, 6.432757213, 0.366210907, 1.817745985, 2.0551976, -0.208876038);
INSERT INTO Income_statement VALUES ('IN48', 'Ba48', 5.294475025, 4.88068434, 0.594237055, 0.597588641, 0.178400527, 0.419188114, 0.278923177, 0.615441563, 0.580110822, 0.090579488, -0.078721791);
INSERT INTO Income_statement VALUES ('IN49', 'Ba49', 16.71699377, 15.25975494, 1.618073209, 1.588053198, 0.053275866, 1.534777332, 1.38736598, 1.761562779, 2.117197363, 0.674166103, 0.08139239);
INSERT INTO Income_statement VALUES ('IN50', 'Ba50', 20.04742382, 19.49767493, 0.672175836, 0.651585509, 0.213060435, 0.438525074, 0.438528122, 0.391613235, 0.757819388, 0.902125445, 0.2332969);
INSERT INTO Income_statement VALUES ('IN51', 'Ba51', 10.41284117, 10.04794847, 0.412195654, 0.40626713, 0.069562109, 0.336705021, 0.327796839, 0.262105006, 0.64907275, 0.799234287, 0.015841273);
INSERT INTO Income_statement VALUES ('IN52', 'Ba52', 10.91413375, 8.570683706, 2.721472509, 2.704979895, 0.278581222, 2.426398672, 2.615649258, 0.3832139, 0.429885081, 0.416057416, -0.144895047);
INSERT INTO Income_statement VALUES ('IN53', 'Ba53', 13.33804015, 12.98960669, 0.431566931, 0.422352979, 0.045173946, 0.377179034, 0.178196798, 0.212304431, 0.981341761, 0.935810212, -0.13653329);
INSERT INTO Income_statement VALUES ('IN54', 'Ba54', 23.51823361, 21.66061205, 2.348658667, 2.345753568, 0.296960529, 2.048793039, 2.048793039, 3.550204569, 1.532687574, 0.679619512, -0.050206813);
INSERT INTO Income_statement VALUES ('IN55', 'Ba55', 6.652837635, 6.143944665, 0.786190814, 0.784736911, 0.071163995, 0.713572915, 0.713572915, 1.86549888, 0.630550596, 0.400404595, -0.062687077);
INSERT INTO Income_statement VALUES ('IN56', 'Ba56', 21.3943653, 18.6292781, 2.726101563, 2.742264935, 0.284493909, 2.457771026, 2.47245713, 4.894779693, 1.218816667, 1.146822849, -0.25755116);
INSERT INTO Income_statement VALUES ('IN57', 'Ba57', 12.27258178, 10.5542185, 2.031473893, 2.022848806, 0.232662252, 1.790186554, 1.735636364, 2.885452559, 0.75530569, 0.639520871, -0.189562949);
INSERT INTO Income_statement VALUES ('IN58', 'Ba58', 8.845292857, 8.048498634, 0.958297684, 0.956266651, 0.095730714, 0.860535937, 0.85912432, 0.142482399, 0.400167863, 0.401612035, -0.014691653);
INSERT INTO Income_statement VALUES ('IN59', 'Ba59', 10.69245354, 10.41653596, 0.40210776, 0.401570267, -0.006458615, 0.408028882, 0.408787857, 0.276724345, 0.84685725, 0.759705617, -0.171796435);
INSERT INTO Income_statement VALUES ('IN60', 'Ba60', 12.16121098, 10.20394408, 2.123154777, 2.118029043, 0.369385545, 1.748643497, 1.711491792, 1.442635754, 0.52072611, 0.672470191, -0.383981738);
INSERT INTO Income_statement VALUES ('IN61', 'Ba61', 9.800655344, 8.55250157, 1.383758814, 1.381835359, 0.187716528, 1.194118831, 1.194116541, 0.196695285, 0.464465739, 0.359345253, -0.066814949);
INSERT INTO Income_statement VALUES ('IN62', 'Ba62', 12.16442203, 10.44520774, 1.844279059, 1.837653878, 0.230059756, 1.607594122, 1.469430838, 0.349679592, 0.493346602, 0.637591816, -0.276815351);
INSERT INTO Income_statement VALUES ('IN63', 'Ba63', 31.53275597, 30.78411293, 1.172967765, 1.158706266, 0.125014587, 1.033691678, 1.112279379, 6.093513136, 1.414372594, 1.510734451, -0.280210219);
INSERT INTO Income_statement VALUES ('IN64', 'Ba64', 15.28636317, 13.0231995, 2.556384402, 2.558676687, 0.276722628, 2.281954059, 2.301752294, 0.918615446, 0.74778714, 0.997075954, -0.178025106);
INSERT INTO Income_statement VALUES ('IN65', 'Ba65', 7.201399479, 6.194337044, 1.017582858, 1.017310619, 0.11111084, 0.906199779, 0.906199779, 0.20320073, 0.45463646, 0.316547455, -0.050899855);
INSERT INTO Income_statement VALUES ('IN66', 'Ba66', 10.49419367, 9.89245421, 0.711105167, 0.710398464, 0.085725098, 0.624673366, 0.62467172, 0.14892333, 0.175447953, 0.338968255, -0.006906516);
INSERT INTO Income_statement VALUES ('IN67', 'Ba67', 536.1555865, 518.2866512, 27.64108554, 27.81618086, 2.318226583, 25.49795427, 21.11820817, 36.07421825, 9.340283814, 23.78988379, -0.116403276);
INSERT INTO Income_statement VALUES ('IN68', 'Ba68', 30.7538554, 28.54177918, 2.584526599, 2.606266092, 0.415242092, 2.191024, 2.12356053, 4.478541674, 2.798906191, 1.012197844, -0.380158341);
INSERT INTO Income_statement VALUES ('IN69', 'Ba69', 93.03766762, 93.29134565, 0.282315184, 0.313077809, -0.346557095, 0.659634904, 0.799196964, 7.568522064, 1.823045462, 2.398374828, 0.105968205);
INSERT INTO Income_statement VALUES ('IN70', 'Ba70', 170.3074172, 172.296175, -0.842331032, -0.911043001, -0.171251172, -0.739791829, 0.195349504, 3.522103173, 8.677259297, 8.558776742, 0.87626096);
INSERT INTO Income_statement VALUES ('IN71', 'Ba71', 2614.277831, 2450.208029, 198.8017364, 197.1225803, 29.80188255, 167.3206977, 165.7565557, 409.7803961, 114.8964089, 102.2101359, 5.1415578);
INSERT INTO Income_statement VALUES ('IN72', 'Ba72', 974.5582842, 962.7561404, 20.25317313, 20.39123115, 2.409806114, 17.98142503, 6.639688112, 42.72049034, 18.14842399, 22.13496663, 1.353814747);
INSERT INTO Income_statement VALUES ('IN73', 'Ba73', 40.03582173, 38.65506002, 1.063909606, 1.094111565, 0.282784187, 0.811327378, 0.810532184, 2.608708169, 1.105144624, 1.694865109, -0.714694003);
INSERT INTO Income_statement VALUES ('IN74', 'Ba74', 59.04083227, 57.53341177, 2.055462446, 2.03744209, 0.15645402, 1.88098807, 1.879506763, 1.390199623, 1.925108038, 2.738439369, 0.058847571);
INSERT INTO Income_statement VALUES ('IN75', 'Ba75', 16.76034937, 14.14451944, 2.771836558, 2.791412035, 0.303372185, 2.488039851, 2.536079199, 0.255165896, 1.064790363, 0.935108091, -0.014520937);
INSERT INTO Income_statement VALUES ('IN76', 'Ba76', 32.63513542, 29.18773079, 3.995444895, 4.048825432, 0.40479686, 3.644028573, 3.890936528, 0.314379765, 1.326830768, 1.421095022, 0.604630983);
INSERT INTO Income_statement VALUES ('IN77', 'Ba77', 15.59517744, 13.42909746, 2.267463031, 2.267301068, 0.252263089, 2.015037979, 2.017815437, 0.172669858, 0.492823294, 0.649033232, -0.28882912);
INSERT INTO Income_statement VALUES ('IN78', 'Ba78', 26.92975223, 23.91956756, 3.059967351, 3.052224848, 0.391878173, 2.660346675, 2.66174844, 0.148022332, 0.983919668, 1.024045753, -0.273189305);
INSERT INTO Income_statement VALUES ('IN79', 'Ba79', 46.9698595, 43.56513911, 3.663440155, 4.418044358, 0.638030785, 3.780013574, 3.738151257, 1.57508059, 1.984599891, 1.721924314, -0.510841687);
INSERT INTO Income_statement VALUES ('IN80', 'Ba80', 7.25193069, 6.736501892, 0.618339891, 0.614495765, 0.12251205, 0.491983715, 0.578052815, 0.275711448, 0.680002869, 0.208482302, 0.011726809);
INSERT INTO Income_statement VALUES ('IN81', 'Ba81', 87.922058, 76.61284855, 11.65964865, 12.56493792, 1.375340202, 11.18959772, 11.20087224, 5.170277154, 2.540011201, 4.678880283, -2.640893618);
INSERT INTO Income_statement VALUES ('IN82', 'Ba82', 48.42143498, 49.28844607, 2.317934372, 2.271815794, 0.274892884, 1.99692291, 2.183921273, 8.356396723, 2.833527001, 1.811575344, -0.072221194);
INSERT INTO Income_statement VALUES ('IN83', 'Ba83', 155.0207351, 150.5739207, 6.359103048, 6.530080056, 0.41654552, 6.113534536, 6.753413257, 52.97311449, 5.828855537, 8.246901596, -0.258027636);
INSERT INTO Income_statement VALUES ('IN84', 'Ba84', 77.94988063, 68.30359134, 10.6011725, 10.82097322, 1.5187546, 9.302218625, 9.24536836, 14.40346919, 3.18548558, 4.209570808, -1.106589802);
INSERT INTO Income_statement VALUES ('IN85', 'Ba85', 15.24233075, 14.09294213, 7.441835893, 7.441788954, 1.043543049, 6.398245905, 6.398245905, 0.067169568, 0.126763595, 0.487735542, -0.055942937);
INSERT INTO Income_statement VALUES ('IN86', 'Ba86', 19.96276773, 16.75872939, 3.549395976, 3.558199249, 0.434622769, 3.123576479, 3.409166069, 3.566801701, 1.454829314, 1.007094275, -0.28762915);
INSERT INTO Income_statement VALUES ('IN87', 'Ba87', 8.922617275, 8.028837208, 1.222741756, 1.211288632, 0.135608452, 1.07568018, 1.160192333, 0.141913715, 0.351292345, 0.347901865, 0.063567062);
INSERT INTO Income_statement VALUES ('IN88', 'Ba88', 18.55029391, 16.48369474, 2.359551382, 2.301916629, 0.268597547, 2.033319082, 2.504617734, 2.044441743, 0.785474956, 0.801761505, -0.148888916);
INSERT INTO Income_statement VALUES ('IN89', 'Ba89', 18.19984272, 17.90154277, 0.391290881, 0.37298835, 0.102478162, 0.270510188, 0.220274138, 0.167996807, 1.04666068, 0.64632239, -0.08984758);
INSERT INTO Income_statement VALUES ('IN90', 'Ba90', 17.72001731, 17.06138457, 0.739111752, 0.736566883, 0.045028213, 0.69153867, 0.698460196, 0.204538849, 0.780813919, 0.609400733, 0.1356845);
INSERT INTO Income_statement VALUES ('IN91', 'Ba91', 16.30805673, 15.18266999, 1.188223671, 1.15907498, 0.089025198, 1.070049782, 1.118703268, 0.326413967, 0.833231387, 0.852423791, 0.114446558);
INSERT INTO Income_statement VALUES ('IN92', 'Ba92', 50.59683184, 39.68353059, 11.3062849, 12.53078341, 2.334417231, 10.19636618, 10.19876337, 14.76887698, 1.773604166, 0.992772693, -0.066794763);
INSERT INTO Income_statement VALUES ('IN93', 'Ba93', 8.305818055, 6.375499228, 2.17848008, 2.178627911, 0.281974929, 1.896652982, 1.896652982, 1.293384359, 0.498950525, 0.358700824, -0.320220903);
INSERT INTO Income_statement VALUES ('IN94', 'Ba94', 66.81124844, 64.16729898, 3.192990626, 3.15503982, 0.019027977, 3.136011843, 3.192414362, 5.927653703, 6.102287268, 4.472025047, -0.294578567);
INSERT INTO Income_statement VALUES ('IN95', 'Ba95', 27.7512639, 24.20426828, 3.643355859, 3.629328271, 0.407518828, 3.221809443, 3.273704043, 0.109978471, 1.215314258, 1.011774296, -0.831618883);
INSERT INTO Income_statement VALUES ('IN96', 'Ba96', 86.53783788, 66.35623912, 23.17208187, 23.19783189, 2.6857849, 20.51204699, 20.50417702, 18.17251805, 2.10980985, 6.19025675, -1.3859503);
INSERT INTO Income_statement VALUES ('IN97', 'Ba97', 21.70825898, 24.2480157, -2.382965428, -2.466520243, -0.414273114, -2.052247129, -1.991142668, 1.709597816, 0.954928059, 1.630181808, 0.32053849);
INSERT INTO Income_statement VALUES ('IN98', 'Ba98', 35.56563981, 36.57437932, 0.325471431, 0.302331238, -0.895748289, 1.198079527, 1.26052823, 6.447348904, 1.500112143, 3.812697297, -0.316407674);
INSERT INTO Income_statement VALUES ('IN99', 'Ba99', 12.74798203, 13.3875843, -0.415550495, -0.43449661, 0.067902445, -0.502399055, -0.509112794, 6.875984273, 0.541704918, 0.585063279, 0.036625117);
INSERT INTO Income_statement VALUES ('IN100', 'Ba100', 5.472503761, 5.267109941, 0.323942706, 0.323178138, 0.078963684, 0.244214455, 0.224438875, 0.185792425, 0.496922506, 0.281910007, 0.002685899);
INSERT INTO Income_statement VALUES ('IN101', 'Ba101', 11.35890918, 12.01382147, -0.589892042, -0.571588903, -0.176030748, -0.395558155, -0.395558155, 0.185638511, 0.239391535, 0.356683878, 0.014633727);
INSERT INTO Income_statement VALUES ('IN102', 'Ba102', 2.894318122, 2.535320502, 0.400528501, 0.446476723, 0.053911349, 0.392565374, 0.392565374, 0.035140737, 0.105595186, 0.092247949, 0.019392248);
INSERT INTO Income_statement VALUES ('IN103', 'Ba103', 3.338929625, 3.056675589, 0.477170337, 0.479516066, 0.040338729, 0.439177337, 0.43886869, 0.588105964, 0.121928867, 0.20400006, 0.002746917);
INSERT INTO Income_statement VALUES ('IN104', 'Ba104', 4.182197107, 3.764745478, 0.414436511, 0.412396892, 0.047422814, 0.364974078, 0.365629614, 0.122536609, 0.151733062, 0.145123298, -0.022018844);
INSERT INTO Income_statement VALUES ('IN105', 'Ba105', 5.659924686, 4.838352994, 0.828388568, 0.847043887, 0.115167516, 0.731876371, 0.708723734, 0.145508444, 0.306550558, 0.202146202, -0.095901452);
INSERT INTO Income_statement VALUES ('IN106', 'Ba106', 170.3074172, 172.296175, -0.842331032, -0.911043001, -0.171251172, -0.739791829, 0.195349504, 3.522103173, 8.677259297, 8.558776742, 0.87626096);

